Timestep,Hour,Prosumer_ID,Home_Type_Index,Role,Is_Banned,Desired_Quantity_kWh,Bid_Price_Euro_kWh,Ask_Price_Euro_kWh,P2P_Trades_Count,Market_Trades_Count
0,0,0,4,Neutral,False,0.0,,,0,0
0,0,1,8,Neutral,False,0.0,,,0,0
0,0,2,3,Neutral,False,0.0,,,0,0
0,0,3,4,Neutral,False,0.0,,,0,0
0,0,4,2,Buyer,False,0.25,0.1067,,1,0
0,0,5,2,Neutral,False,0.0,,,0,0
0,0,6,7,Neutral,False,0.0,,,0,0
0,0,7,9,Neutral,False,0.0,,,0,0
0,0,8,0,Buyer,False,0.25,0.1085,,1,0
0,0,9,5,Neutral,False,0.0,,,0,0
0,0,10,8,Neutral,False,0.0,,,0,0
0,0,11,8,Neutral,False,0.0,,,0,0
0,0,12,9,Neutral,False,0.0,,,0,0
0,0,13,0,Neutral,False,0.0,,,0,0
0,0,14,2,Neutral,False,0.0,,,0,0
0,0,15,3,Neutral,False,0.0,,,0,0
0,0,16,9,Neutral,False,0.0,,,0,0
0,0,17,6,Buyer,False,0.3969,0.1073,,1,0
0,0,18,9,Neutral,False,0.0,,,0,0
0,0,19,6,Neutral,False,0.0,,,0,0
0,0,20,7,Neutral,False,0.0,,,0,0
0,0,21,3,Neutral,False,0.0,,,0,0
0,0,22,4,Neutral,False,0.0,,,0,0
0,0,23,3,Buyer,False,0.25,0.1075,,1,0
0,0,24,5,Buyer,False,0.4063,0.1084,,1,0
0,0,25,9,Seller,False,1.2406,,0.0936,3,0
0,0,26,8,Neutral,False,0.0,,,0,0
0,0,27,6,Neutral,False,0.0,,,0,0
0,0,28,5,Neutral,False,0.0,,,0,0
0,0,29,7,Neutral,False,0.0,,,0,0
0,0,30,2,Neutral,False,0.0,,,0,0
0,0,31,5,Neutral,False,0.0,,,0,0
0,0,32,6,Neutral,False,0.0,,,0,0
0,0,33,7,Neutral,False,0.0,,,0,0
0,0,34,4,Neutral,False,0.0,,,0,0
0,0,35,5,Neutral,False,0.0,,,0,0
0,0,36,2,Neutral,False,0.0,,,0,0
0,0,37,1,Neutral,False,0.0,,,0,0
0,0,38,6,Neutral,False,0.0,,,0,0
0,0,39,5,Neutral,False,0.0,,,0,0
0,0,40,6,Neutral,False,0.0,,,0,0
0,0,41,3,Neutral,False,0.0,,,0,0
0,0,42,2,Neutral,False,0.0,,,0,0
0,0,43,5,Neutral,False,0.0,,,0,0
0,0,44,7,Neutral,False,0.0,,,0,0
0,0,45,0,Neutral,False,0.0,,,0,0
0,0,46,6,Neutral,False,0.0,,,0,0
0,0,47,4,Neutral,False,0.0,,,0,0
0,0,48,3,Buyer,False,0.2632,0.1047,,0,1
0,0,49,5,Neutral,False,0.0,,,0,0
0,0,50,5,Neutral,False,0.0,,,0,0
0,0,51,8,Neutral,False,0.0,,,0,0
0,0,52,9,Neutral,False,0.0,,,0,0
0,0,53,0,Neutral,False,0.0,,,0,0
0,0,54,7,Neutral,False,0.0,,,0,0
0,0,55,1,Neutral,False,0.0,,,0,0
0,0,56,3,Neutral,False,0.0,,,0,0
0,0,57,6,Neutral,False,0.0,,,0,0
0,0,58,8,Neutral,False,0.0,,,0,0
0,0,59,1,Neutral,False,0.0,,,0,0
0,0,60,8,Neutral,False,0.0,,,0,0
0,0,61,8,Neutral,False,0.0,,,0,0
0,0,62,5,Neutral,False,0.0,,,0,0
0,0,63,2,Neutral,False,0.0,,,0,0
0,0,64,3,Neutral,False,0.0,,,0,0
0,0,65,0,Neutral,False,0.0,,,0,0
0,0,66,4,Neutral,False,0.0,,,0,0
0,0,67,6,Neutral,False,0.0,,,0,0
0,0,68,4,Neutral,False,0.0,,,0,0
0,0,69,6,Neutral,False,0.0,,,0,0
0,0,70,7,Neutral,False,0.0,,,0,0
0,0,71,9,Buyer,False,0.6016,0.109,,2,0
0,0,72,3,Neutral,False,0.0,,,0,0
0,0,73,0,Neutral,False,0.0,,,0,0
0,0,74,0,Neutral,False,0.0,,,0,0
0,0,75,4,Neutral,False,0.0,,,0,0
0,0,76,4,Neutral,False,0.0,,,0,0
0,0,77,9,Neutral,False,0.0,,,0,0
0,0,78,7,Buyer,False,0.4717,0.1074,,1,0
0,0,79,7,Neutral,False,0.0,,,0,0
0,0,80,4,Buyer,False,0.2973,0.1084,,1,0
0,0,81,4,Neutral,False,0.0,,,0,0
0,0,82,7,Neutral,False,0.0,,,0,0
0,0,83,1,Neutral,False,0.0,,,0,0
0,0,84,6,Neutral,False,0.0,,,0,0
0,0,85,7,Neutral,False,0.0,,,0,0
0,0,86,1,Neutral,False,0.0,,,0,0
0,0,87,8,Neutral,False,0.0,,,0,0
0,0,88,6,Buyer,False,0.3602,0.1061,,0,1
0,0,89,5,Neutral,False,0.0,,,0,0
0,0,90,1,Neutral,False,0.0,,,0,0
0,0,91,5,Neutral,False,0.0,,,0,0
0,0,92,0,Neutral,False,0.0,,,0,0
0,0,93,4,Neutral,False,0.0,,,0,0
0,0,94,9,Buyer,False,0.6198,0.1098,,1,0
0,0,95,7,Neutral,False,0.0,,,0,0
0,0,96,8,Buyer,False,0.5503,0.1103,,1,0
0,0,97,1,Neutral,False,0.0,,,0,0
0,0,98,2,Buyer,False,0.25,0.1064,,1,1
0,0,99,9,Seller,False,3.0,,0.1062,9,0
1,1,0,4,Neutral,False,0.0,,,0,0
1,1,1,8,Neutral,False,0.0,,,0,0
1,1,2,3,Neutral,False,0.0,,,0,0
1,1,3,4,Neutral,False,0.0,,,0,0
1,1,4,2,Buyer,False,0.25,0.0919,,1,1
1,1,5,2,Neutral,False,0.0,,,0,0
1,1,6,7,Neutral,False,0.0,,,0,0
1,1,7,9,Neutral,False,0.0,,,0,0
1,1,8,0,Buyer,False,0.25,0.0927,,1,1
1,1,9,5,Neutral,False,0.0,,,0,0
1,1,10,8,Neutral,False,0.0,,,0,0
1,1,11,8,Neutral,False,0.0,,,0,0
1,1,12,9,Neutral,False,0.0,,,0,0
1,1,13,0,Neutral,False,0.0,,,0,0
1,1,14,2,Neutral,False,0.0,,,0,0
1,1,15,3,Neutral,False,0.0,,,0,0
1,1,16,9,Seller,False,1.0315,,0.081,3,0
1,1,17,6,Buyer,False,0.3924,0.0935,,2,0
1,1,18,9,Neutral,False,0.0,,,0,0
1,1,19,6,Neutral,False,0.0,,,0,0
1,1,20,7,Neutral,False,0.0,,,0,0
1,1,21,3,Neutral,False,0.0,,,0,0
1,1,22,4,Neutral,False,0.0,,,0,0
1,1,23,3,Buyer,False,0.25,0.0954,,2,0
1,1,24,5,Buyer,False,0.2836,0.0956,,2,0
1,1,25,9,Neutral,False,0.0,,,3,0
1,1,26,8,Neutral,False,0.0,,,0,0
1,1,27,6,Neutral,False,0.0,,,0,0
1,1,28,5,Neutral,False,0.0,,,0,0
1,1,29,7,Neutral,False,0.0,,,0,0
1,1,30,2,Neutral,False,0.0,,,0,0
1,1,31,5,Neutral,False,0.0,,,0,0
1,1,32,6,Neutral,False,0.0,,,0,0
1,1,33,7,Neutral,False,0.0,,,0,0
1,1,34,4,Neutral,False,0.0,,,0,0
1,1,35,5,Neutral,False,0.0,,,0,0
1,1,36,2,Neutral,False,0.0,,,0,0
1,1,37,1,Neutral,False,0.0,,,0,0
1,1,38,6,Neutral,False,0.0,,,0,0
1,1,39,5,Neutral,False,0.0,,,0,0
1,1,40,6,Neutral,False,0.0,,,0,0
1,1,41,3,Neutral,False,0.0,,,0,0
1,1,42,2,Neutral,False,0.0,,,0,0
1,1,43,5,Neutral,False,0.0,,,0,0
1,1,44,7,Neutral,False,0.0,,,0,0
1,1,45,0,Neutral,False,0.0,,,0,0
1,1,46,6,Neutral,False,0.0,,,0,0
1,1,47,4,Neutral,False,0.0,,,0,0
1,1,48,3,Buyer,False,0.25,0.0947,,1,1
1,1,49,5,Neutral,False,0.0,,,0,0
1,1,50,5,Neutral,False,0.0,,,0,0
1,1,51,8,Neutral,False,0.0,,,0,0
1,1,52,9,Seller,False,3.0,,0.0929,9,0
1,1,53,0,Neutral,False,0.0,,,0,0
1,1,54,7,Neutral,False,0.0,,,0,0
1,1,55,1,Neutral,False,0.0,,,0,0
1,1,56,3,Neutral,False,0.0,,,0,0
1,1,57,6,Neutral,False,0.0,,,0,0
1,1,58,8,Neutral,False,0.0,,,0,0
1,1,59,1,Neutral,False,0.0,,,0,0
1,1,60,8,Neutral,False,0.0,,,0,0
1,1,61,8,Neutral,False,0.0,,,0,0
1,1,62,5,Neutral,False,0.0,,,0,0
1,1,63,2,Neutral,False,0.0,,,0,0
1,1,64,3,Neutral,False,0.0,,,0,0
1,1,65,0,Neutral,False,0.0,,,0,0
1,1,66,4,Neutral,False,0.0,,,0,0
1,1,67,6,Neutral,False,0.0,,,0,0
1,1,68,4,Neutral,False,0.0,,,0,0
1,1,69,6,Neutral,False,0.0,,,0,0
1,1,70,7,Neutral,False,0.0,,,0,0
1,1,71,9,Buyer,False,0.4685,0.0958,,3,0
1,1,72,3,Neutral,False,0.0,,,0,0
1,1,73,0,Neutral,False,0.0,,,0,0
1,1,74,0,Neutral,False,0.0,,,0,0
1,1,75,4,Neutral,False,0.0,,,0,0
1,1,76,4,Neutral,False,0.0,,,0,0
1,1,77,9,Neutral,False,0.0,,,0,0
1,1,78,7,Buyer,False,0.4124,0.0959,,3,0
1,1,79,7,Neutral,False,0.0,,,0,0
1,1,80,4,Buyer,False,0.2796,0.0948,,2,0
1,1,81,4,Neutral,False,0.0,,,0,0
1,1,82,7,Neutral,False,0.0,,,0,0
1,1,83,1,Neutral,False,0.0,,,0,0
1,1,84,6,Neutral,False,0.0,,,0,0
1,1,85,7,Neutral,False,0.0,,,0,0
1,1,86,1,Neutral,False,0.0,,,0,0
1,1,87,8,Neutral,False,0.0,,,0,0
1,1,88,6,Buyer,False,0.3563,0.0963,,1,1
1,1,89,5,Neutral,False,0.0,,,0,0
1,1,90,1,Neutral,False,0.0,,,0,0
1,1,91,5,Neutral,False,0.0,,,0,0
1,1,92,0,Neutral,False,0.0,,,0,0
1,1,93,4,Neutral,False,0.0,,,0,0
1,1,94,9,Buyer,False,0.5733,0.0976,,2,0
1,1,95,7,Neutral,False,0.0,,,0,0
1,1,96,8,Buyer,False,0.4683,0.0959,,2,0
1,1,97,1,Neutral,False,0.0,,,0,0
1,1,98,2,Buyer,False,0.25,0.0954,,2,1
1,1,99,9,Neutral,False,0.0,,,9,0
2,2,0,4,Neutral,False,0.0,,,0,0
2,2,1,8,Neutral,False,0.0,,,0,0
2,2,2,3,Neutral,False,0.0,,,0,0
2,2,3,4,Neutral,False,0.0,,,0,0
2,2,4,2,Buyer,False,0.25,0.096,,2,1
2,2,5,2,Neutral,False,0.0,,,0,0
2,2,6,7,Neutral,False,0.0,,,0,0
2,2,7,9,Seller,False,3.0,,0.0954,9,0
2,2,8,0,Buyer,False,0.25,0.0973,,2,1
2,2,9,5,Neutral,False,0.0,,,0,0
2,2,10,8,Neutral,False,0.0,,,0,0
2,2,11,8,Neutral,False,0.0,,,0,0
2,2,12,9,Neutral,False,0.0,,,0,0
2,2,13,0,Neutral,False,0.0,,,0,0
2,2,14,2,Neutral,False,0.0,,,0,0
2,2,15,3,Neutral,False,0.0,,,0,0
2,2,16,9,Neutral,False,0.0,,,3,0
2,2,17,6,Buyer,False,0.4174,0.0967,,3,0
2,2,18,9,Neutral,False,0.0,,,0,0
2,2,19,6,Neutral,False,0.0,,,0,0
2,2,20,7,Neutral,False,0.0,,,0,0
2,2,21,3,Neutral,False,0.0,,,0,0
2,2,22,4,Neutral,False,0.0,,,0,0
2,2,23,3,Buyer,False,0.25,0.0941,,2,1
2,2,24,5,Buyer,False,0.3284,0.0972,,3,0
2,2,25,9,Neutral,False,0.0,,,3,0
2,2,26,8,Neutral,False,0.0,,,0,0
2,2,27,6,Neutral,False,0.0,,,0,0
2,2,28,5,Neutral,False,0.0,,,0,0
2,2,29,7,Neutral,False,0.0,,,0,0
2,2,30,2,Neutral,False,0.0,,,0,0
2,2,31,5,Neutral,False,0.0,,,0,0
2,2,32,6,Neutral,False,0.0,,,0,0
2,2,33,7,Neutral,False,0.0,,,0,0
2,2,34,4,Neutral,False,0.0,,,0,0
2,2,35,5,Neutral,False,0.0,,,0,0
2,2,36,2,Neutral,False,0.0,,,0,0
2,2,37,1,Neutral,False,0.0,,,0,0
2,2,38,6,Neutral,False,0.0,,,0,0
2,2,39,5,Neutral,False,0.0,,,0,0
2,2,40,6,Neutral,False,0.0,,,0,0
2,2,41,3,Neutral,False,0.0,,,0,0
2,2,42,2,Neutral,False,0.0,,,0,0
2,2,43,5,Neutral,False,0.0,,,0,0
2,2,44,7,Neutral,False,0.0,,,0,0
2,2,45,0,Neutral,False,0.0,,,0,0
2,2,46,6,Neutral,False,0.0,,,0,0
2,2,47,4,Neutral,False,0.0,,,0,0
2,2,48,3,Buyer,False,0.25,0.0959,,2,1
2,2,49,5,Neutral,False,0.0,,,0,0
2,2,50,5,Neutral,False,0.0,,,0,0
2,2,51,8,Neutral,False,0.0,,,0,0
2,2,52,9,Neutral,False,0.0,,,9,0
2,2,53,0,Neutral,False,0.0,,,0,0
2,2,54,7,Neutral,False,0.0,,,0,0
2,2,55,1,Neutral,False,0.0,,,0,0
2,2,56,3,Neutral,False,0.0,,,0,0
2,2,57,6,Neutral,False,0.0,,,0,0
2,2,58,8,Neutral,False,0.0,,,0,0
2,2,59,1,Neutral,False,0.0,,,0,0
2,2,60,8,Neutral,False,0.0,,,0,0
2,2,61,8,Neutral,False,0.0,,,0,0
2,2,62,5,Neutral,False,0.0,,,0,0
2,2,63,2,Neutral,False,0.0,,,0,0
2,2,64,3,Neutral,False,0.0,,,0,0
2,2,65,0,Neutral,False,0.0,,,0,0
2,2,66,4,Neutral,False,0.0,,,0,0
2,2,67,6,Neutral,False,0.0,,,0,0
2,2,68,4,Neutral,False,0.0,,,0,0
2,2,69,6,Neutral,False,0.0,,,0,0
2,2,70,7,Neutral,False,0.0,,,0,0
2,2,71,9,Buyer,False,0.5672,0.0993,,4,0
2,2,72,3,Neutral,False,0.0,,,0,0
2,2,73,0,Neutral,False,0.0,,,0,0
2,2,74,0,Neutral,False,0.0,,,0,0
2,2,75,4,Neutral,False,0.0,,,0,0
2,2,76,4,Neutral,False,0.0,,,0,0
2,2,77,9,Seller,False,1.468,,0.0875,3,0
2,2,78,7,Buyer,False,0.4374,0.0972,,4,0
2,2,79,7,Neutral,False,0.0,,,0,0
2,2,80,4,Buyer,False,0.25,0.0969,,3,0
2,2,81,4,Neutral,False,0.0,,,0,0
2,2,82,7,Neutral,False,0.0,,,0,0
2,2,83,1,Neutral,False,0.0,,,0,0
2,2,84,6,Neutral,False,0.0,,,0,0
2,2,85,7,Neutral,False,0.0,,,0,0
2,2,86,1,Neutral,False,0.0,,,0,0
2,2,87,8,Neutral,False,0.0,,,0,0
2,2,88,6,Buyer,False,0.3811,0.0958,,2,1
2,2,89,5,Neutral,False,0.0,,,0,0
2,2,90,1,Neutral,False,0.0,,,0,0
2,2,91,5,Neutral,False,0.0,,,0,0
2,2,92,0,Neutral,False,0.0,,,0,0
2,2,93,4,Neutral,False,0.0,,,0,0
2,2,94,9,Buyer,False,0.4707,0.098,,4,0
2,2,95,7,Neutral,False,0.0,,,0,0
2,2,96,8,Buyer,False,0.4853,0.0995,,3,0
2,2,97,1,Neutral,False,0.0,,,0,0
2,2,98,2,Buyer,False,0.25,0.0951,,2,2
2,2,99,9,Neutral,False,0.0,,,9,0
3,3,0,4,Neutral,False,0.0,,,0,0
3,3,1,8,Neutral,False,0.0,,,0,0
3,3,2,3,Neutral,False,0.0,,,0,0
3,3,3,4,Neutral,False,0.0,,,0,0
3,3,4,2,Buyer,False,0.25,0.0937,,3,1
3,3,5,2,Neutral,False,0.0,,,0,0
3,3,6,7,Neutral,False,0.0,,,0,0
3,3,7,9,Neutral,False,0.0,,,9,0
3,3,8,0,Buyer,False,0.25,0.0947,,3,1
3,3,9,5,Neutral,False,0.0,,,0,0
3,3,10,8,Neutral,False,0.0,,,0,0
3,3,11,8,Neutral,False,0.0,,,0,0
3,3,12,9,Seller,False,1.6131,,0.0853,4,0
3,3,13,0,Neutral,False,0.0,,,0,0
3,3,14,2,Neutral,False,0.0,,,0,0
3,3,15,3,Neutral,False,0.0,,,0,0
3,3,16,9,Neutral,False,0.0,,,3,0
3,3,17,6,Buyer,False,0.357,0.0944,,4,0
3,3,18,9,Seller,False,2.8333,,0.0929,10,0
3,3,19,6,Neutral,False,0.0,,,0,0
3,3,20,7,Neutral,False,0.0,,,0,0
3,3,21,3,Neutral,False,0.0,,,0,0
3,3,22,4,Neutral,False,0.0,,,0,0
3,3,23,3,Buyer,False,0.2504,0.0934,,3,1
3,3,24,5,Buyer,False,0.3328,0.096,,4,0
3,3,25,9,Neutral,False,0.0,,,3,0
3,3,26,8,Neutral,False,0.0,,,0,0
3,3,27,6,Neutral,False,0.0,,,0,0
3,3,28,5,Neutral,False,0.0,,,0,0
3,3,29,7,Neutral,False,0.0,,,0,0
3,3,30,2,Neutral,False,0.0,,,0,0
3,3,31,5,Neutral,False,0.0,,,0,0
3,3,32,6,Neutral,False,0.0,,,0,0
3,3,33,7,Neutral,False,0.0,,,0,0
3,3,34,4,Neutral,False,0.0,,,0,0
3,3,35,5,Neutral,False,0.0,,,0,0
3,3,36,2,Neutral,False,0.0,,,0,0
3,3,37,1,Neutral,False,0.0,,,0,0
3,3,38,6,Neutral,False,0.0,,,0,0
3,3,39,5,Neutral,False,0.0,,,0,0
3,3,40,6,Neutral,False,0.0,,,0,0
3,3,41,3,Neutral,False,0.0,,,0,0
3,3,42,2,Neutral,False,0.0,,,0,0
3,3,43,5,Neutral,False,0.0,,,0,0
3,3,44,7,Neutral,False,0.0,,,0,0
3,3,45,0,Neutral,False,0.0,,,0,0
3,3,46,6,Neutral,False,0.0,,,0,0
3,3,47,4,Neutral,False,0.0,,,0,0
3,3,48,3,Buyer,False,0.25,0.0934,,3,1
3,3,49,5,Neutral,False,0.0,,,0,0
3,3,50,5,Neutral,False,0.0,,,0,0
3,3,51,8,Neutral,False,0.0,,,0,0
3,3,52,9,Neutral,False,0.0,,,9,0
3,3,53,0,Neutral,False,0.0,,,0,0
3,3,54,7,Neutral,False,0.0,,,0,0
3,3,55,1,Neutral,False,0.0,,,0,0
3,3,56,3,Neutral,False,0.0,,,0,0
3,3,57,6,Neutral,False,0.0,,,0,0
3,3,58,8,Neutral,False,0.0,,,0,0
3,3,59,1,Neutral,False,0.0,,,0,0
3,3,60,8,Neutral,False,0.0,,,0,0
3,3,61,8,Neutral,False,0.0,,,0,0
3,3,62,5,Neutral,False,0.0,,,0,0
3,3,63,2,Neutral,False,0.0,,,0,0
3,3,64,3,Neutral,False,0.0,,,0,0
3,3,65,0,Neutral,False,0.0,,,0,0
3,3,66,4,Neutral,False,0.0,,,0,0
3,3,67,6,Neutral,False,0.0,,,0,0
3,3,68,4,Neutral,False,0.0,,,0,0
3,3,69,6,Neutral,False,0.0,,,0,0
3,3,70,7,Neutral,False,0.0,,,0,0
3,3,71,9,Buyer,False,0.5158,0.0977,,5,0
3,3,72,3,Neutral,False,0.0,,,0,0
3,3,73,0,Neutral,False,0.0,,,0,0
3,3,74,0,Neutral,False,0.0,,,0,0
3,3,75,4,Neutral,False,0.0,,,0,0
3,3,76,4,Neutral,False,0.0,,,0,0
3,3,77,9,Neutral,False,0.0,,,3,0
3,3,78,7,Buyer,False,0.3812,0.0951,,5,0
3,3,79,7,Neutral,False,0.0,,,0,0
3,3,80,4,Buyer,False,0.2939,0.0942,,4,0
3,3,81,4,Neutral,False,0.0,,,0,0
3,3,82,7,Neutral,False,0.0,,,0,0
3,3,83,1,Neutral,False,0.0,,,0,0
3,3,84,6,Neutral,False,0.0,,,0,0
3,3,85,7,Neutral,False,0.0,,,0,0
3,3,86,1,Neutral,False,0.0,,,0,0
3,3,87,8,Neutral,False,0.0,,,0,0
3,3,88,6,Buyer,False,0.3153,0.0975,,4,1
3,3,89,5,Neutral,False,0.0,,,0,0
3,3,90,1,Neutral,False,0.0,,,0,0
3,3,91,5,Neutral,False,0.0,,,0,0
3,3,92,0,Neutral,False,0.0,,,0,0
3,3,93,4,Neutral,False,0.0,,,0,0
3,3,94,9,Buyer,False,0.5328,0.0989,,5,0
3,3,95,7,Neutral,False,0.0,,,0,0
3,3,96,8,Buyer,False,0.4672,0.0984,,4,0
3,3,97,1,Neutral,False,0.0,,,0,0
3,3,98,2,Buyer,False,0.25,0.0961,,3,2
3,3,99,9,Neutral,False,0.0,,,9,0
4,4,0,4,Neutral,False,0.0,,,0,0
4,4,1,8,Seller,False,2.3291,,0.0964,6,0
4,4,2,3,Neutral,False,0.0,,,0,0
4,4,3,4,Neutral,False,0.0,,,0,0
4,4,4,2,Buyer,False,0.25,0.1043,,5,1
4,4,5,2,Neutral,False,0.0,,,0,0
4,4,6,7,Neutral,False,0.0,,,0,0
4,4,7,9,Neutral,False,0.0,,,9,0
4,4,8,0,Buyer,False,0.25,0.1022,,4,1
4,4,9,5,Neutral,False,0.0,,,0,0
4,4,10,8,Neutral,False,0.0,,,0,0
4,4,11,8,Neutral,False,0.0,,,0,0
4,4,12,9,Neutral,False,0.0,,,4,0
4,4,13,0,Neutral,False,0.0,,,0,0
4,4,14,2,Neutral,False,0.0,,,0,0
4,4,15,3,Neutral,False,0.0,,,0,0
4,4,16,9,Neutral,False,0.0,,,3,0
4,4,17,6,Buyer,False,0.4764,0.1051,,5,0
4,4,18,9,Neutral,False,0.0,,,10,0
4,4,19,6,Neutral,False,0.0,,,0,0
4,4,20,7,Neutral,False,0.0,,,0,0
4,4,21,3,Neutral,False,0.0,,,0,0
4,4,22,4,Neutral,False,0.0,,,0,0
4,4,23,3,Buyer,False,0.25,0.1028,,4,1
4,4,24,5,Buyer,False,0.3068,0.1028,,5,0
4,4,25,9,Neutral,False,0.0,,,3,0
4,4,26,8,Neutral,False,0.0,,,0,0
4,4,27,6,Neutral,False,0.0,,,0,0
4,4,28,5,Neutral,False,0.0,,,0,0
4,4,29,7,Neutral,False,0.0,,,0,0
4,4,30,2,Neutral,False,0.0,,,0,0
4,4,31,5,Neutral,False,0.0,,,0,0
4,4,32,6,Neutral,False,0.0,,,0,0
4,4,33,7,Neutral,False,0.0,,,0,0
4,4,34,4,Neutral,False,0.0,,,0,0
4,4,35,5,Neutral,False,0.0,,,0,0
4,4,36,2,Neutral,False,0.0,,,0,0
4,4,37,1,Neutral,False,0.0,,,0,0
4,4,38,6,Neutral,False,0.0,,,0,0
4,4,39,5,Neutral,False,0.0,,,0,0
4,4,40,6,Neutral,False,0.0,,,0,0
4,4,41,3,Neutral,False,0.0,,,0,0
4,4,42,2,Neutral,False,0.0,,,0,0
4,4,43,5,Neutral,False,0.0,,,0,0
4,4,44,7,Neutral,False,0.0,,,0,0
4,4,45,0,Neutral,False,0.0,,,0,0
4,4,46,6,Neutral,False,0.0,,,0,0
4,4,47,4,Neutral,False,0.0,,,0,0
4,4,48,3,Buyer,False,0.25,0.1028,,4,1
4,4,49,5,Neutral,False,0.0,,,0,0
4,4,50,5,Neutral,False,0.0,,,0,0
4,4,51,8,Neutral,False,0.0,,,0,0
4,4,52,9,Neutral,False,0.0,,,9,0
4,4,53,0,Neutral,False,0.0,,,0,0
4,4,54,7,Neutral,False,0.0,,,0,0
4,4,55,1,Neutral,False,0.0,,,0,0
4,4,56,3,Neutral,False,0.0,,,0,0
4,4,57,6,Neutral,False,0.0,,,0,0
4,4,58,8,Neutral,False,0.0,,,0,0
4,4,59,1,Neutral,False,0.0,,,0,0
4,4,60,8,Neutral,False,0.0,,,0,0
4,4,61,8,Seller,False,2.3122,,0.0969,8,0
4,4,62,5,Neutral,False,0.0,,,0,0
4,4,63,2,Neutral,False,0.0,,,0,0
4,4,64,3,Neutral,False,0.0,,,0,0
4,4,65,0,Neutral,False,0.0,,,0,0
4,4,66,4,Neutral,False,0.0,,,0,0
4,4,67,6,Neutral,False,0.0,,,0,0
4,4,68,4,Neutral,False,0.0,,,0,0
4,4,69,6,Neutral,False,0.0,,,0,0
4,4,70,7,Neutral,False,0.0,,,0,0
4,4,71,9,Buyer,False,0.6458,0.1084,,7,0
4,4,72,3,Neutral,False,0.0,,,0,0
4,4,73,0,Neutral,False,0.0,,,0,0
4,4,74,0,Neutral,False,0.0,,,0,0
4,4,75,4,Neutral,False,0.0,,,0,0
4,4,76,4,Neutral,False,0.0,,,0,0
4,4,77,9,Neutral,False,0.0,,,3,0
4,4,78,7,Buyer,False,0.4626,0.1034,,6,0
4,4,79,7,Neutral,False,0.0,,,0,0
4,4,80,4,Buyer,False,0.3262,0.1033,,5,0
4,4,81,4,Neutral,False,0.0,,,0,0
4,4,82,7,Neutral,False,0.0,,,0,0
4,4,83,1,Neutral,False,0.0,,,0,0
4,4,84,6,Neutral,False,0.0,,,0,0
4,4,85,7,Neutral,False,0.0,,,0,0
4,4,86,1,Neutral,False,0.0,,,0,0
4,4,87,8,Neutral,False,0.0,,,0,0
4,4,88,6,Buyer,False,0.3854,0.1032,,5,1
4,4,89,5,Neutral,False,0.0,,,0,0
4,4,90,1,Neutral,False,0.0,,,0,0
4,4,91,5,Neutral,False,0.0,,,0,0
4,4,92,0,Neutral,False,0.0,,,0,0
4,4,93,4,Neutral,False,0.0,,,0,0
4,4,94,9,Buyer,False,0.5705,0.1048,,6,0
4,4,95,7,Seller,False,0.3236,,0.0881,1,0
4,4,96,8,Buyer,False,0.5412,0.1073,,5,0
4,4,97,1,Neutral,False,0.0,,,0,0
4,4,98,2,Buyer,False,0.25,0.1054,,4,2
4,4,99,9,Neutral,False,0.0,,,9,0
5,5,0,4,Neutral,False,0.0,,,0,0
5,5,1,8,Neutral,False,0.0,,,6,0
5,5,2,3,Neutral,False,0.0,,,0,0
5,5,3,4,Neutral,False,0.0,,,0,0
5,5,4,2,Buyer,False,0.2929,0.1373,,6,1
5,5,5,2,Neutral,False,0.0,,,0,0
5,5,6,7,Neutral,False,0.0,,,0,0
5,5,7,9,Neutral,False,0.0,,,9,0
5,5,8,0,Buyer,False,0.25,0.1416,,5,1
5,5,9,5,Neutral,False,0.0,,,0,0
5,5,10,8,Neutral,False,0.0,,,0,0
5,5,11,8,Neutral,False,0.0,,,0,0
5,5,12,9,Neutral,False,0.0,,,4,0
5,5,13,0,Neutral,False,0.0,,,0,0
5,5,14,2,Neutral,False,0.0,,,0,0
5,5,15,3,Neutral,False,0.0,,,0,0
5,5,16,9,Neutral,False,0.0,,,3,0
5,5,17,6,Buyer,False,0.6097,0.1424,,7,0
5,5,18,9,Neutral,False,0.0,,,10,0
5,5,19,6,Neutral,False,0.0,,,0,0
5,5,20,7,Seller,False,1.5289,,0.1309,4,0
5,5,21,3,Neutral,False,0.0,,,0,0
5,5,22,4,Neutral,False,0.0,,,0,0
5,5,23,3,Buyer,False,0.3417,0.1378,,5,1
5,5,24,5,Buyer,False,0.5262,0.1389,,6,0
5,5,25,9,Neutral,False,0.0,,,3,0
5,5,26,8,Neutral,False,0.0,,,0,0
5,5,27,6,Neutral,False,0.0,,,0,0
5,5,28,5,Neutral,False,0.0,,,0,0
5,5,29,7,Neutral,False,0.0,,,0,0
5,5,30,2,Neutral,False,0.0,,,0,0
5,5,31,5,Neutral,False,0.0,,,0,0
5,5,32,6,Neutral,False,0.0,,,0,0
5,5,33,7,Seller,False,1.9166,,0.1289,3,0
5,5,34,4,Neutral,False,0.0,,,0,0
5,5,35,5,Neutral,False,0.0,,,0,0
5,5,36,2,Neutral,False,0.0,,,0,0
5,5,37,1,Neutral,False,0.0,,,0,0
5,5,38,6,Neutral,False,0.0,,,0,0
5,5,39,5,Neutral,False,0.0,,,0,0
5,5,40,6,Neutral,False,0.0,,,0,0
5,5,41,3,Neutral,False,0.0,,,0,0
5,5,42,2,Neutral,False,0.0,,,0,0
5,5,43,5,Neutral,False,0.0,,,0,0
5,5,44,7,Neutral,False,0.0,,,0,0
5,5,45,0,Neutral,False,0.0,,,0,0
5,5,46,6,Neutral,False,0.0,,,0,0
5,5,47,4,Neutral,False,0.0,,,0,0
5,5,48,3,Buyer,False,0.4329,0.1414,,5,1
5,5,49,5,Neutral,False,0.0,,,0,0
5,5,50,5,Neutral,False,0.0,,,0,0
5,5,51,8,Neutral,False,0.0,,,0,0
5,5,52,9,Neutral,False,0.0,,,9,0
5,5,53,0,Neutral,False,0.0,,,0,0
5,5,54,7,Neutral,False,0.0,,,0,0
5,5,55,1,Neutral,False,0.0,,,0,0
5,5,56,3,Neutral,False,0.0,,,0,0
5,5,57,6,Neutral,False,0.0,,,0,0
5,5,58,8,Neutral,False,0.0,,,0,0
5,5,59,1,Neutral,False,0.0,,,0,0
5,5,60,8,Neutral,False,0.0,,,0,0
5,5,61,8,Neutral,False,0.0,,,8,0
5,5,62,5,Neutral,False,0.0,,,0,0
5,5,63,2,Neutral,False,0.0,,,0,0
5,5,64,3,Neutral,False,0.0,,,0,0
5,5,65,0,Neutral,False,0.0,,,0,0
5,5,66,4,Neutral,False,0.0,,,0,0
5,5,67,6,Neutral,False,0.0,,,0,0
5,5,68,4,Neutral,False,0.0,,,0,0
5,5,69,6,Neutral,False,0.0,,,0,0
5,5,70,7,Neutral,False,0.0,,,0,0
5,5,71,9,Buyer,False,0.9792,0.1459,,8,0
5,5,72,3,Neutral,False,0.0,,,0,0
5,5,73,0,Neutral,False,0.0,,,0,0
5,5,74,0,Neutral,False,0.0,,,0,0
5,5,75,4,Neutral,False,0.0,,,0,0
5,5,76,4,Neutral,False,0.0,,,0,0
5,5,77,9,Neutral,False,0.0,,,3,0
5,5,78,7,Buyer,False,0.6716,0.1427,,7,0
5,5,79,7,Seller,False,1.9307,,0.1295,6,0
5,5,80,4,Buyer,False,0.4496,0.1421,,6,0
5,5,81,4,Neutral,False,0.0,,,0,0
5,5,82,7,Neutral,False,0.0,,,0,0
5,5,83,1,Neutral,False,0.0,,,0,0
5,5,84,6,Neutral,False,0.0,,,0,0
5,5,85,7,Seller,False,1.9549,,0.129,3,0
5,5,86,1,Neutral,False,0.0,,,0,0
5,5,87,8,Neutral,False,0.0,,,0,0
5,5,88,6,Buyer,False,0.6529,0.1403,,7,1
5,5,89,5,Neutral,False,0.0,,,0,0
5,5,90,1,Neutral,False,0.0,,,0,0
5,5,91,5,Neutral,False,0.0,,,0,0
5,5,92,0,Neutral,False,0.0,,,0,0
5,5,93,4,Neutral,False,0.0,,,0,0
5,5,94,9,Buyer,False,0.9072,0.144,,8,0
5,5,95,7,Neutral,False,0.0,,,1,0
5,5,96,8,Buyer,False,0.8377,0.1458,,6,0
5,5,97,1,Neutral,False,0.0,,,0,0
5,5,98,2,Buyer,False,0.3794,0.1424,,5,2
5,5,99,9,Neutral,False,0.0,,,9,0
6,6,0,4,Neutral,False,0.0,,,0,0
6,6,1,8,Buyer,False,0.0817,0.1845,,7,0
6,6,2,3,Neutral,False,0.0,,,0,0
6,6,3,4,Neutral,False,0.0,,,0,0
6,6,4,2,Buyer,False,0.5816,0.1948,,7,1
6,6,5,2,Neutral,False,0.0,,,0,0
6,6,6,7,Seller,False,1.2461,,0.1747,2,0
6,6,7,9,Buyer,False,0.052,0.1839,,10,0
6,6,8,0,Buyer,False,0.4362,0.1908,,7,1
6,6,9,5,Neutral,False,0.0,,,0,0
6,6,10,8,Seller,False,1.123,,0.1781,2,0
6,6,11,8,Seller,False,1.1463,,0.1739,2,0
6,6,12,9,Neutral,False,0.0,,,4,0
6,6,13,0,Neutral,False,0.0,,,0,0
6,6,14,2,Neutral,False,0.0,,,0,0
6,6,15,3,Neutral,False,0.0,,,0,0
6,6,16,9,Neutral,False,0.0,,,3,0
6,6,17,6,Buyer,False,1.0716,0.1988,,9,0
6,6,18,9,Buyer,False,0.5972,0.1942,,12,0
6,6,19,6,Neutral,False,0.0,,,0,0
6,6,20,7,Neutral,False,0.0,,,4,0
6,6,21,3,Neutral,False,0.0,,,0,0
6,6,22,4,Neutral,False,0.0,,,0,0
6,6,23,3,Buyer,False,0.6765,0.1958,,6,1
6,6,24,5,Buyer,False,1.1025,0.1984,,8,0
6,6,25,9,Neutral,False,0.0,,,3,0
6,6,26,8,Seller,False,1.1119,,0.1743,2,0
6,6,27,6,Neutral,False,0.0,,,0,0
6,6,28,5,Neutral,False,0.0,,,0,0
6,6,29,7,Seller,False,0.3705,,0.1723,2,0
6,6,30,2,Neutral,False,0.0,,,0,0
6,6,31,5,Neutral,False,0.0,,,0,0
6,6,32,6,Neutral,False,0.0,,,0,0
6,6,33,7,Neutral,False,0.0,,,3,0
6,6,34,4,Neutral,False,0.0,,,0,0
6,6,35,5,Neutral,False,0.0,,,0,0
6,6,36,2,Neutral,False,0.0,,,0,0
6,6,37,1,Neutral,False,0.0,,,0,0
6,6,38,6,Neutral,False,0.0,,,0,0
6,6,39,5,Neutral,False,0.0,,,0,0
6,6,40,6,Seller,False,1.2132,,0.1782,2,0
6,6,41,3,Neutral,False,0.0,,,0,0
6,6,42,2,Neutral,False,0.0,,,0,0
6,6,43,5,Neutral,False,0.0,,,0,0
6,6,44,7,Seller,False,1.203,,0.1719,1,0
6,6,45,0,Buyer,False,0.0316,0.1894,,1,0
6,6,46,6,Neutral,False,0.0,,,0,0
6,6,47,4,Neutral,False,0.0,,,0,0
6,6,48,3,Buyer,False,0.6787,0.1968,,7,1
6,6,49,5,Neutral,False,0.0,,,0,0
6,6,50,5,Neutral,False,0.0,,,0,0
6,6,51,8,Seller,False,1.1275,,0.1784,3,0
6,6,52,9,Buyer,False,0.4687,0.1898,,10,0
6,6,53,0,Neutral,False,0.0,,,0,0
6,6,54,7,Seller,False,1.2981,,0.1787,3,0
6,6,55,1,Neutral,False,0.0,,,0,0
6,6,56,3,Neutral,False,0.0,,,0,0
6,6,57,6,Seller,False,1.1927,,0.1798,6,0
6,6,58,8,Seller,False,1.1268,,0.1723,1,0
6,6,59,1,Neutral,False,0.0,,,0,0
6,6,60,8,Neutral,False,0.0,,,0,0
6,6,61,8,Neutral,False,0.0,,,8,0
6,6,62,5,Neutral,False,0.0,,,0,0
6,6,63,2,Neutral,False,0.0,,,0,0
6,6,64,3,Neutral,False,0.0,,,0,0
6,6,65,0,Neutral,False,0.0,,,0,0
6,6,66,4,Neutral,False,0.0,,,0,0
6,6,67,6,Seller,False,1.165,,0.1759,2,0
6,6,68,4,Neutral,False,0.0,,,0,0
6,6,69,6,Neutral,False,0.0,,,0,0
6,6,70,7,Neutral,False,0.0,,,0,0
6,6,71,9,Buyer,False,1.8097,0.2008,,11,0
6,6,72,3,Neutral,False,0.0,,,0,0
6,6,73,0,Neutral,False,0.0,,,0,0
6,6,74,0,Neutral,False,0.0,,,0,0
6,6,75,4,Neutral,False,0.0,,,0,0
6,6,76,4,Neutral,False,0.0,,,0,0
6,6,77,9,Neutral,False,0.0,,,3,0
6,6,78,7,Buyer,False,1.4142,0.2019,,9,0
6,6,79,7,Neutral,False,0.0,,,6,0
6,6,80,4,Buyer,False,0.7998,0.1956,,8,0
6,6,81,4,Neutral,False,0.0,,,0,0
6,6,82,7,Seller,False,1.2508,,0.1785,3,0
6,6,83,1,Neutral,False,0.0,,,0,0
6,6,84,6,Neutral,False,0.0,,,0,0
6,6,85,7,Neutral,False,0.0,,,3,0
6,6,86,1,Neutral,False,0.0,,,0,0
6,6,87,8,Neutral,False,0.0,,,0,0
6,6,88,6,Buyer,False,1.0362,0.1991,,9,1
6,6,89,5,Neutral,False,0.0,,,0,0
6,6,90,1,Neutral,False,0.0,,,0,0
6,6,91,5,Neutral,False,0.0,,,0,0
6,6,92,0,Neutral,False,0.0,,,0,0
6,6,93,4,Neutral,False,0.0,,,0,0
6,6,94,9,Buyer,False,1.4241,0.1986,,10,0
6,6,95,7,Neutral,False,0.0,,,1,0
6,6,96,8,Buyer,False,1.352,0.1987,,8,0
6,6,97,1,Neutral,False,0.0,,,0,0
6,6,98,2,Buyer,False,0.6196,0.1929,,6,2
6,6,99,9,Buyer,False,0.3412,0.1891,,10,0
7,7,0,4,Neutral,False,0.0,,,0,0
7,7,1,8,Buyer,False,0.8724,0.2398,,9,0
7,7,2,3,Neutral,False,0.0,,,0,0
7,7,3,4,Seller,False,0.9166,,0.2181,2,0
7,7,4,2,Buyer,False,0.3057,0.2377,,9,1
7,7,5,2,Neutral,False,0.0,,,0,0
7,7,6,7,Neutral,False,0.0,,,2,0
7,7,7,9,Buyer,False,1.2453,0.2442,,12,0
7,7,8,0,Buyer,False,0.0172,0.2367,,8,1
7,7,9,5,Seller,False,0.8027,,0.2213,2,0
7,7,10,8,Neutral,False,0.0,,,2,0
7,7,11,8,Neutral,False,0.0,,,2,0
7,7,12,9,Buyer,False,0.4495,0.2346,,6,0
7,7,13,0,Neutral,False,0.0,,,0,0
7,7,14,2,Neutral,False,0.0,,,0,0
7,7,15,3,Neutral,False,0.0,,,0,0
7,7,16,9,Neutral,False,0.0,,,3,0
7,7,17,6,Buyer,False,0.135,0.2355,,10,0
7,7,18,9,Buyer,False,1.0993,0.2432,,15,0
7,7,19,6,Neutral,False,0.0,,,0,0
7,7,20,7,Neutral,False,0.0,,,4,0
7,7,21,3,Neutral,False,0.0,,,0,0
7,7,22,4,Seller,False,0.8182,,0.2205,2,0
7,7,23,3,Seller,False,0.0148,,0.2064,7,1
7,7,24,5,Buyer,False,0.098,0.2332,,9,0
7,7,25,9,Buyer,False,0.4489,0.2338,,4,0
7,7,26,8,Neutral,False,0.0,,,2,0
7,7,27,6,Seller,False,0.9026,,0.2247,6,0
7,7,28,5,Neutral,False,0.0,,,0,0
7,7,29,7,Neutral,False,0.0,,,2,0
7,7,30,2,Neutral,False,0.0,,,0,0
7,7,31,5,Neutral,False,0.0,,,0,0
7,7,32,6,Seller,False,0.9007,,0.2226,4,0
7,7,33,7,Buyer,False,0.356,0.2312,,4,0
7,7,34,4,Seller,False,0.8887,,0.2243,2,0
7,7,35,5,Seller,False,0.816,,0.2177,2,0
7,7,36,2,Neutral,False,0.0,,,0,0
7,7,37,1,Neutral,False,0.0,,,0,0
7,7,38,6,Neutral,False,0.0,,,0,0
7,7,39,5,Neutral,False,0.0,,,0,0
7,7,40,6,Neutral,False,0.0,,,2,0
7,7,41,3,Neutral,False,0.0,,,0,0
7,7,42,2,Neutral,False,0.0,,,0,0
7,7,43,5,Neutral,False,0.0,,,0,0
7,7,44,7,Neutral,False,0.0,,,1,0
7,7,45,0,Buyer,False,0.0326,0.2287,,2,0
7,7,46,6,Neutral,False,0.0,,,0,0
7,7,47,4,Seller,False,0.4561,,0.217,1,0
7,7,48,3,Buyer,False,0.1741,0.2377,,8,1
7,7,49,5,Seller,False,0.8771,,0.2211,2,0
7,7,50,5,Neutral,False,0.0,,,0,0
7,7,51,8,Buyer,False,0.1957,0.2302,,4,0
7,7,52,9,Buyer,False,1.2866,0.2484,,12,0
7,7,53,0,Neutral,False,0.0,,,0,0
7,7,54,7,Neutral,False,0.0,,,3,0
7,7,55,1,Neutral,False,0.0,,,0,0
7,7,56,3,Neutral,False,0.0,,,0,0
7,7,57,6,Neutral,False,0.0,,,6,0
7,7,58,8,Buyer,False,0.2201,0.2353,,2,0
7,7,59,1,Neutral,False,0.0,,,0,0
7,7,60,8,Neutral,False,0.0,,,0,0
7,7,61,8,Buyer,False,0.6794,0.2384,,10,0
7,7,62,5,Seller,False,0.9012,,0.2158,1,0
7,7,63,2,Neutral,False,0.0,,,0,0
7,7,64,3,Neutral,False,0.0,,,0,0
7,7,65,0,Neutral,False,0.0,,,0,0
7,7,66,4,Neutral,False,0.0,,,0,0
7,7,67,6,Neutral,False,0.0,,,2,0
7,7,68,4,Seller,False,0.8219,,0.2222,2,0
7,7,69,6,Seller,False,0.8428,,0.2209,2,0
7,7,70,7,Neutral,False,0.0,,,0,0
7,7,71,9,Buyer,False,1.1043,0.2388,,13,0
7,7,72,3,Neutral,False,0.0,,,0,0
7,7,73,0,Buyer,False,0.0732,0.2295,,1,0
7,7,74,0,Buyer,False,0.0226,0.2335,,1,0
7,7,75,4,Seller,False,0.984,,0.2244,5,0
7,7,76,4,Seller,False,0.969,,0.2171,2,0
7,7,77,9,Buyer,False,0.1809,0.231,,4,0
7,7,78,7,Buyer,False,1.2161,0.2419,,11,0
7,7,79,7,Buyer,False,0.3398,0.238,,7,0
7,7,80,4,Buyer,False,0.4629,0.2324,,10,0
7,7,81,4,Seller,False,0.8619,,0.222,2,0
7,7,82,7,Neutral,False,0.0,,,3,0
7,7,83,1,Neutral,False,0.0,,,0,0
7,7,84,6,Neutral,False,0.0,,,0,0
7,7,85,7,Buyer,False,0.3099,0.2398,,5,0
7,7,86,1,Neutral,False,0.0,,,0,0
7,7,87,8,Neutral,False,0.0,,,0,0
7,7,88,6,Buyer,False,0.5225,0.2341,,11,1
7,7,89,5,Seller,False,0.8485,,0.2242,6,0
7,7,90,1,Neutral,False,0.0,,,0,0
7,7,91,5,Neutral,False,0.0,,,0,0
7,7,92,0,Neutral,False,0.0,,,0,0
7,7,93,4,Seller,False,0.9541,,0.2195,1,0
7,7,94,9,Buyer,False,1.4512,0.2487,,14,0
7,7,95,7,Seller,False,0.84,,0.2203,3,0
7,7,96,8,Buyer,False,0.8836,0.24,,10,0
7,7,97,1,Neutral,False,0.0,,,0,0
7,7,98,2,Buyer,False,0.2116,0.2357,,7,2
7,7,99,9,Buyer,False,1.0229,0.2418,,12,0
8,8,0,4,Neutral,False,0.0,,,0,0
8,8,1,8,Neutral,False,0.0,,,9,0
8,8,2,3,Neutral,False,0.0,,,0,0
8,8,3,4,Neutral,False,0.0,,,2,0
8,8,4,2,Seller,False,0.4259,,0.1905,9,2
8,8,5,2,Neutral,False,0.0,,,0,0
8,8,6,7,Neutral,False,0.0,,,2,0
8,8,7,9,Neutral,False,0.0,,,12,0
8,8,8,0,Seller,False,0.6828,,0.1878,8,2
8,8,9,5,Neutral,False,0.0,,,2,0
8,8,10,8,Neutral,False,0.0,,,2,0
8,8,11,8,Neutral,False,0.0,,,2,0
8,8,12,9,Neutral,False,0.0,,,6,0
8,8,13,0,Neutral,False,0.0,,,0,0
8,8,14,2,Neutral,False,0.0,,,0,0
8,8,15,3,Neutral,False,0.0,,,0,0
8,8,16,9,Neutral,False,0.0,,,3,0
8,8,17,6,Seller,False,0.5978,,0.1906,10,1
8,8,18,9,Neutral,False,0.0,,,15,0
8,8,19,6,Neutral,False,0.0,,,0,0
8,8,20,7,Neutral,False,0.0,,,4,0
8,8,21,3,Neutral,False,0.0,,,0,0
8,8,22,4,Neutral,False,0.0,,,2,0
8,8,23,3,Seller,False,0.3597,,0.1882,7,2
8,8,24,5,Seller,False,0.8949,,0.1906,9,1
8,8,25,9,Buyer,False,0.2969,0.203,,6,0
8,8,26,8,Neutral,False,0.0,,,2,0
8,8,27,6,Neutral,False,0.0,,,6,0
8,8,28,5,Neutral,False,0.0,,,0,0
8,8,29,7,Neutral,False,0.0,,,2,0
8,8,30,2,Neutral,False,0.0,,,0,0
8,8,31,5,Neutral,False,0.0,,,0,0
8,8,32,6,Neutral,False,0.0,,,4,0
8,8,33,7,Neutral,False,0.0,,,4,0
8,8,34,4,Neutral,False,0.0,,,2,0
8,8,35,5,Neutral,False,0.0,,,2,0
8,8,36,2,Neutral,False,0.0,,,0,0
8,8,37,1,Neutral,False,0.0,,,0,0
8,8,38,6,Neutral,False,0.0,,,0,0
8,8,39,5,Neutral,False,0.0,,,0,0
8,8,40,6,Neutral,False,0.0,,,2,0
8,8,41,3,Neutral,False,0.0,,,0,0
8,8,42,2,Neutral,False,0.0,,,0,0
8,8,43,5,Neutral,False,0.0,,,0,0
8,8,44,7,Neutral,False,0.0,,,1,0
8,8,45,0,Neutral,False,0.0,,,2,0
8,8,46,6,Neutral,False,0.0,,,0,0
8,8,47,4,Neutral,False,0.0,,,1,0
8,8,48,3,Seller,False,0.2666,,0.1803,9,1
8,8,49,5,Neutral,False,0.0,,,2,0
8,8,50,5,Neutral,False,0.0,,,0,0
8,8,51,8,Neutral,False,0.0,,,4,0
8,8,52,9,Neutral,False,0.0,,,12,0
8,8,53,0,Neutral,False,0.0,,,0,0
8,8,54,7,Neutral,False,0.0,,,3,0
8,8,55,1,Neutral,False,0.0,,,0,0
8,8,56,3,Neutral,False,0.0,,,0,0
8,8,57,6,Neutral,False,0.0,,,6,0
8,8,58,8,Neutral,False,0.0,,,2,0
8,8,59,1,Neutral,False,0.0,,,0,0
8,8,60,8,Neutral,False,0.0,,,0,0
8,8,61,8,Buyer,False,0.0259,0.2045,,11,0
8,8,62,5,Neutral,False,0.0,,,1,0
8,8,63,2,Neutral,False,0.0,,,0,0
8,8,64,3,Neutral,False,0.0,,,0,0
8,8,65,0,Neutral,False,0.0,,,0,0
8,8,66,4,Neutral,False,0.0,,,0,0
8,8,67,6,Neutral,False,0.0,,,2,0
8,8,68,4,Neutral,False,0.0,,,2,0
8,8,69,6,Neutral,False,0.0,,,2,0
8,8,70,7,Neutral,False,0.0,,,0,0
8,8,71,9,Buyer,False,0.0167,0.197,,14,0
8,8,72,3,Neutral,False,0.0,,,0,0
8,8,73,0,Neutral,False,0.0,,,1,0
8,8,74,0,Neutral,False,0.0,,,1,0
8,8,75,4,Neutral,False,0.0,,,5,0
8,8,76,4,Neutral,False,0.0,,,2,0
8,8,77,9,Neutral,False,0.0,,,4,0
8,8,78,7,Seller,False,0.8776,,0.1986,11,1
8,8,79,7,Neutral,False,0.0,,,7,0
8,8,80,4,Seller,False,0.8695,,0.1929,10,1
8,8,81,4,Neutral,False,0.0,,,2,0
8,8,82,7,Neutral,False,0.0,,,3,0
8,8,83,1,Neutral,False,0.0,,,0,0
8,8,84,6,Neutral,False,0.0,,,0,0
8,8,85,7,Neutral,False,0.0,,,5,0
8,8,86,1,Neutral,False,0.0,,,0,0
8,8,87,8,Neutral,False,0.0,,,0,0
8,8,88,6,Seller,False,0.748,,0.1902,11,2
8,8,89,5,Neutral,False,0.0,,,6,0
8,8,90,1,Neutral,False,0.0,,,0,0
8,8,91,5,Neutral,False,0.0,,,0,0
8,8,92,0,Neutral,False,0.0,,,0,0
8,8,93,4,Neutral,False,0.0,,,1,0
8,8,94,9,Buyer,False,0.2597,0.2018,,15,0
8,8,95,7,Neutral,False,0.0,,,3,0
8,8,96,8,Seller,False,0.2293,,0.1832,13,0
8,8,97,1,Neutral,False,0.0,,,0,0
8,8,98,2,Seller,False,0.5044,,0.1864,10,3
8,8,99,9,Buyer,False,0.3114,0.2066,,14,0
9,9,0,4,Neutral,False,0.0,,,0,0
9,9,1,8,Neutral,False,0.0,,,9,0
9,9,2,3,Neutral,False,0.0,,,0,0
9,9,3,4,Neutral,False,0.0,,,2,0
9,9,4,2,Seller,False,0.5909,,0.1597,9,3
9,9,5,2,Neutral,False,0.0,,,0,0
9,9,6,7,Neutral,False,0.0,,,2,0
9,9,7,9,Neutral,False,0.0,,,12,0
9,9,8,0,Seller,False,0.6535,,0.1614,8,3
9,9,9,5,Neutral,False,0.0,,,2,0
9,9,10,8,Neutral,False,0.0,,,2,0
9,9,11,8,Neutral,False,0.0,,,2,0
9,9,12,9,Neutral,False,0.0,,,6,0
9,9,13,0,Neutral,False,0.0,,,0,0
9,9,14,2,Neutral,False,0.0,,,0,0
9,9,15,3,Neutral,False,0.0,,,0,0
9,9,16,9,Neutral,False,0.0,,,3,0
9,9,17,6,Seller,False,2.3005,,0.1996,10,2
9,9,18,9,Neutral,False,0.0,,,15,0
9,9,19,6,Neutral,False,0.0,,,0,0
9,9,20,7,Neutral,False,0.0,,,4,0
9,9,21,3,Neutral,False,0.0,,,0,0
9,9,22,4,Neutral,False,0.0,,,2,0
9,9,23,3,Seller,False,1.7466,,0.1831,7,3
9,9,24,5,Seller,False,1.917,,0.1856,9,2
9,9,25,9,Neutral,False,0.0,,,6,0
9,9,26,8,Neutral,False,0.0,,,2,0
9,9,27,6,Neutral,False,0.0,,,6,0
9,9,28,5,Neutral,False,0.0,,,0,0
9,9,29,7,Neutral,False,0.0,,,2,0
9,9,30,2,Neutral,False,0.0,,,0,0
9,9,31,5,Neutral,False,0.0,,,0,0
9,9,32,6,Neutral,False,0.0,,,4,0
9,9,33,7,Neutral,False,0.0,,,4,0
9,9,34,4,Neutral,False,0.0,,,2,0
9,9,35,5,Neutral,False,0.0,,,2,0
9,9,36,2,Neutral,False,0.0,,,0,0
9,9,37,1,Neutral,False,0.0,,,0,0
9,9,38,6,Neutral,False,0.0,,,0,0
9,9,39,5,Neutral,False,0.0,,,0,0
9,9,40,6,Neutral,False,0.0,,,2,0
9,9,41,3,Neutral,False,0.0,,,0,0
9,9,42,2,Neutral,False,0.0,,,0,0
9,9,43,5,Neutral,False,0.0,,,0,0
9,9,44,7,Neutral,False,0.0,,,1,0
9,9,45,0,Neutral,False,0.0,,,2,0
9,9,46,6,Neutral,False,0.0,,,0,0
9,9,47,4,Neutral,False,0.0,,,1,0
9,9,48,3,Seller,False,1.6198,,0.1833,9,2
9,9,49,5,Neutral,False,0.0,,,2,0
9,9,50,5,Neutral,False,0.0,,,0,0
9,9,51,8,Neutral,False,0.0,,,4,0
9,9,52,9,Neutral,False,0.0,,,12,0
9,9,53,0,Neutral,False,0.0,,,0,0
9,9,54,7,Neutral,False,0.0,,,3,0
9,9,55,1,Neutral,False,0.0,,,0,0
9,9,56,3,Neutral,False,0.0,,,0,0
9,9,57,6,Neutral,False,0.0,,,6,0
9,9,58,8,Neutral,False,0.0,,,2,0
9,9,59,1,Neutral,False,0.0,,,0,0
9,9,60,8,Neutral,False,0.0,,,0,0
9,9,61,8,Neutral,False,0.0,,,11,0
9,9,62,5,Neutral,False,0.0,,,1,0
9,9,63,2,Neutral,False,0.0,,,0,0
9,9,64,3,Neutral,False,0.0,,,0,0
9,9,65,0,Neutral,False,0.0,,,0,0
9,9,66,4,Neutral,False,0.0,,,0,0
9,9,67,6,Neutral,False,0.0,,,2,0
9,9,68,4,Neutral,False,0.0,,,2,0
9,9,69,6,Neutral,False,0.0,,,2,0
9,9,70,7,Neutral,False,0.0,,,0,0
9,9,71,9,Seller,False,2.9196,,0.1996,14,1
9,9,72,3,Neutral,False,0.0,,,0,0
9,9,73,0,Neutral,False,0.0,,,1,0
9,9,74,0,Neutral,False,0.0,,,1,0
9,9,75,4,Neutral,False,0.0,,,5,0
9,9,76,4,Neutral,False,0.0,,,2,0
9,9,77,9,Neutral,False,0.0,,,4,0
9,9,78,7,Seller,False,0.7035,,0.1699,11,2
9,9,79,7,Neutral,False,0.0,,,7,0
9,9,80,4,Seller,False,2.0598,,0.1951,10,2
9,9,81,4,Neutral,False,0.0,,,2,0
9,9,82,7,Neutral,False,0.0,,,3,0
9,9,83,1,Neutral,False,0.0,,,0,0
9,9,84,6,Neutral,False,0.0,,,0,0
9,9,85,7,Neutral,False,0.0,,,5,0
9,9,86,1,Neutral,False,0.0,,,0,0
9,9,87,8,Neutral,False,0.0,,,0,0
9,9,88,6,Seller,False,0.9141,,0.1723,11,3
9,9,89,5,Neutral,False,0.0,,,6,0
9,9,90,1,Neutral,False,0.0,,,0,0
9,9,91,5,Neutral,False,0.0,,,0,0
9,9,92,0,Neutral,False,0.0,,,0,0
9,9,93,4,Neutral,False,0.0,,,1,0
9,9,94,9,Seller,False,1.6217,,0.1902,15,1
9,9,95,7,Neutral,False,0.0,,,3,0
9,9,96,8,Seller,False,1.7081,,0.1841,13,1
9,9,97,1,Neutral,False,0.0,,,0,0
9,9,98,2,Seller,False,0.9098,,0.1697,10,4
9,9,99,9,Neutral,False,0.0,,,14,0
10,10,0,4,Neutral,False,0.0,,,0,0
10,10,1,8,Neutral,False,0.0,,,9,0
10,10,2,3,Neutral,False,0.0,,,0,0
10,10,3,4,Neutral,False,0.0,,,2,0
10,10,4,2,Seller,False,1.926,,0.1767,9,4
10,10,5,2,Neutral,False,0.0,,,0,0
10,10,6,7,Neutral,False,0.0,,,2,0
10,10,7,9,Neutral,False,0.0,,,12,0
10,10,8,0,Seller,False,1.5734,,0.1753,8,4
10,10,9,5,Neutral,False,0.0,,,2,0
10,10,10,8,Neutral,False,0.0,,,2,0
10,10,11,8,Neutral,False,0.0,,,2,0
10,10,12,9,Neutral,False,0.0,,,6,0
10,10,13,0,Neutral,False,0.0,,,0,0
10,10,14,2,Neutral,False,0.0,,,0,0
10,10,15,3,Neutral,False,0.0,,,0,0
10,10,16,9,Neutral,False,0.0,,,3,0
10,10,17,6,Seller,False,1.8968,,0.179,10,3
10,10,18,9,Neutral,False,0.0,,,15,0
10,10,19,6,Neutral,False,0.0,,,0,0
10,10,20,7,Neutral,False,0.0,,,4,0
10,10,21,3,Neutral,False,0.0,,,0,0
10,10,22,4,Neutral,False,0.0,,,2,0
10,10,23,3,Seller,False,2.115,,0.1831,7,4
10,10,24,5,Seller,False,1.7811,,0.1773,9,3
10,10,25,9,Neutral,False,0.0,,,6,0
10,10,26,8,Neutral,False,0.0,,,2,0
10,10,27,6,Neutral,False,0.0,,,6,0
10,10,28,5,Neutral,False,0.0,,,0,0
10,10,29,7,Neutral,False,0.0,,,2,0
10,10,30,2,Neutral,False,0.0,,,0,0
10,10,31,5,Neutral,False,0.0,,,0,0
10,10,32,6,Neutral,False,0.0,,,4,0
10,10,33,7,Neutral,False,0.0,,,4,0
10,10,34,4,Neutral,False,0.0,,,2,0
10,10,35,5,Neutral,False,0.0,,,2,0
10,10,36,2,Neutral,False,0.0,,,0,0
10,10,37,1,Neutral,False,0.0,,,0,0
10,10,38,6,Neutral,False,0.0,,,0,0
10,10,39,5,Neutral,False,0.0,,,0,0
10,10,40,6,Neutral,False,0.0,,,2,0
10,10,41,3,Neutral,False,0.0,,,0,0
10,10,42,2,Neutral,False,0.0,,,0,0
10,10,43,5,Neutral,False,0.0,,,0,0
10,10,44,7,Neutral,False,0.0,,,1,0
10,10,45,0,Neutral,False,0.0,,,2,0
10,10,46,6,Neutral,False,0.0,,,0,0
10,10,47,4,Neutral,False,0.0,,,1,0
10,10,48,3,Seller,False,1.4492,,0.1691,9,3
10,10,49,5,Neutral,False,0.0,,,2,0
10,10,50,5,Neutral,False,0.0,,,0,0
10,10,51,8,Neutral,False,0.0,,,4,0
10,10,52,9,Neutral,False,0.0,,,12,0
10,10,53,0,Neutral,False,0.0,,,0,0
10,10,54,7,Neutral,False,0.0,,,3,0
10,10,55,1,Neutral,False,0.0,,,0,0
10,10,56,3,Neutral,False,0.0,,,0,0
10,10,57,6,Neutral,False,0.0,,,6,0
10,10,58,8,Neutral,False,0.0,,,2,0
10,10,59,1,Neutral,False,0.0,,,0,0
10,10,60,8,Neutral,False,0.0,,,0,0
10,10,61,8,Neutral,False,0.0,,,11,0
10,10,62,5,Neutral,False,0.0,,,1,0
10,10,63,2,Neutral,False,0.0,,,0,0
10,10,64,3,Neutral,False,0.0,,,0,0
10,10,65,0,Neutral,False,0.0,,,0,0
10,10,66,4,Neutral,False,0.0,,,0,0
10,10,67,6,Neutral,False,0.0,,,2,0
10,10,68,4,Neutral,False,0.0,,,2,0
10,10,69,6,Neutral,False,0.0,,,2,0
10,10,70,7,Neutral,False,0.0,,,0,0
10,10,71,9,Seller,False,3.0,,0.1872,14,2
10,10,72,3,Neutral,False,0.0,,,0,0
10,10,73,0,Neutral,False,0.0,,,1,0
10,10,74,0,Neutral,False,0.0,,,1,0
10,10,75,4,Neutral,False,0.0,,,5,0
10,10,76,4,Neutral,False,0.0,,,2,0
10,10,77,9,Neutral,False,0.0,,,4,0
10,10,78,7,Seller,False,2.7301,,0.1872,11,3
10,10,79,7,Neutral,False,0.0,,,7,0
10,10,80,4,Seller,False,1.1725,,0.1686,10,3
10,10,81,4,Neutral,False,0.0,,,2,0
10,10,82,7,Neutral,False,0.0,,,3,0
10,10,83,1,Neutral,False,0.0,,,0,0
10,10,84,6,Neutral,False,0.0,,,0,0
10,10,85,7,Neutral,False,0.0,,,5,0
10,10,86,1,Neutral,False,0.0,,,0,0
10,10,87,8,Neutral,False,0.0,,,0,0
10,10,88,6,Seller,False,2.649,,0.1872,11,4
10,10,89,5,Neutral,False,0.0,,,6,0
10,10,90,1,Neutral,False,0.0,,,0,0
10,10,91,5,Neutral,False,0.0,,,0,0
10,10,92,0,Neutral,False,0.0,,,0,0
10,10,93,4,Neutral,False,0.0,,,1,0
10,10,94,9,Seller,False,2.8,,0.1872,15,2
10,10,95,7,Neutral,False,0.0,,,3,0
10,10,96,8,Seller,False,2.0931,,0.1789,13,2
10,10,97,1,Neutral,False,0.0,,,0,0
10,10,98,2,Seller,False,1.8857,,0.1719,10,5
10,10,99,9,Neutral,False,0.0,,,14,0
11,11,0,4,Neutral,False,0.0,,,0,0
11,11,1,8,Neutral,False,0.0,,,9,0
11,11,2,3,Neutral,False,0.0,,,0,0
11,11,3,4,Neutral,False,0.0,,,2,0
11,11,4,2,Seller,False,1.4923,,0.1787,9,5
11,11,5,2,Neutral,False,0.0,,,0,0
11,11,6,7,Neutral,False,0.0,,,2,0
11,11,7,9,Neutral,False,0.0,,,12,0
11,11,8,0,Seller,False,0.9661,,0.1677,8,5
11,11,9,5,Neutral,False,0.0,,,2,0
11,11,10,8,Neutral,False,0.0,,,2,0
11,11,11,8,Neutral,False,0.0,,,2,0
11,11,12,9,Neutral,False,0.0,,,6,0
11,11,13,0,Neutral,False,0.0,,,0,0
11,11,14,2,Neutral,False,0.0,,,0,0
11,11,15,3,Neutral,False,0.0,,,0,0
11,11,16,9,Neutral,False,0.0,,,3,0
11,11,17,6,Seller,False,3.0,,0.1911,10,4
11,11,18,9,Neutral,False,0.0,,,15,0
11,11,19,6,Neutral,False,0.0,,,0,0
11,11,20,7,Neutral,False,0.0,,,4,0
11,11,21,3,Neutral,False,0.0,,,0,0
11,11,22,4,Neutral,False,0.0,,,2,0
11,11,23,3,Seller,False,1.8943,,0.1775,7,5
11,11,24,5,Seller,False,2.946,,0.1911,9,4
11,11,25,9,Neutral,False,0.0,,,6,0
11,11,26,8,Neutral,False,0.0,,,2,0
11,11,27,6,Neutral,False,0.0,,,6,0
11,11,28,5,Neutral,False,0.0,,,0,0
11,11,29,7,Neutral,False,0.0,,,2,0
11,11,30,2,Neutral,False,0.0,,,0,0
11,11,31,5,Neutral,False,0.0,,,0,0
11,11,32,6,Neutral,False,0.0,,,4,0
11,11,33,7,Neutral,False,0.0,,,4,0
11,11,34,4,Neutral,False,0.0,,,2,0
11,11,35,5,Neutral,False,0.0,,,2,0
11,11,36,2,Neutral,False,0.0,,,0,0
11,11,37,1,Neutral,False,0.0,,,0,0
11,11,38,6,Neutral,False,0.0,,,0,0
11,11,39,5,Neutral,False,0.0,,,0,0
11,11,40,6,Neutral,False,0.0,,,2,0
11,11,41,3,Neutral,False,0.0,,,0,0
11,11,42,2,Neutral,False,0.0,,,0,0
11,11,43,5,Neutral,False,0.0,,,0,0
11,11,44,7,Neutral,False,0.0,,,1,0
11,11,45,0,Neutral,False,0.0,,,2,0
11,11,46,6,Neutral,False,0.0,,,0,0
11,11,47,4,Neutral,False,0.0,,,1,0
11,11,48,3,Seller,False,1.4897,,0.1753,9,4
11,11,49,5,Neutral,False,0.0,,,2,0
11,11,50,5,Neutral,False,0.0,,,0,0
11,11,51,8,Neutral,False,0.0,,,4,0
11,11,52,9,Neutral,False,0.0,,,12,0
11,11,53,0,Neutral,False,0.0,,,0,0
11,11,54,7,Neutral,False,0.0,,,3,0
11,11,55,1,Neutral,False,0.0,,,0,0
11,11,56,3,Seller,False,0.109,,0.1426,0,1
11,11,57,6,Neutral,False,0.0,,,6,0
11,11,58,8,Neutral,False,0.0,,,2,0
11,11,59,1,Neutral,False,0.0,,,0,0
11,11,60,8,Neutral,False,0.0,,,0,0
11,11,61,8,Neutral,False,0.0,,,11,0
11,11,62,5,Neutral,False,0.0,,,1,0
11,11,63,2,Neutral,False,0.0,,,0,0
11,11,64,3,Neutral,False,0.0,,,0,0
11,11,65,0,Neutral,False,0.0,,,0,0
11,11,66,4,Neutral,False,0.0,,,0,0
11,11,67,6,Neutral,False,0.0,,,2,0
11,11,68,4,Neutral,False,0.0,,,2,0
11,11,69,6,Neutral,False,0.0,,,2,0
11,11,70,7,Neutral,False,0.0,,,0,0
11,11,71,9,Seller,False,3.0,,0.1911,14,3
11,11,72,3,Neutral,False,0.0,,,0,0
11,11,73,0,Neutral,False,0.0,,,1,0
11,11,74,0,Neutral,False,0.0,,,1,0
11,11,75,4,Neutral,False,0.0,,,5,0
11,11,76,4,Neutral,False,0.0,,,2,0
11,11,77,9,Neutral,False,0.0,,,4,0
11,11,78,7,Seller,False,2.7859,,0.1911,11,4
11,11,79,7,Neutral,False,0.0,,,7,0
11,11,80,4,Seller,False,1.3799,,0.168,10,4
11,11,81,4,Neutral,False,0.0,,,2,0
11,11,82,7,Neutral,False,0.0,,,3,0
11,11,83,1,Neutral,False,0.0,,,0,0
11,11,84,6,Neutral,False,0.0,,,0,0
11,11,85,7,Neutral,False,0.0,,,5,0
11,11,86,1,Neutral,False,0.0,,,0,0
11,11,87,8,Neutral,False,0.0,,,0,0
11,11,88,6,Seller,False,3.0,,0.1911,11,5
11,11,89,5,Neutral,False,0.0,,,6,0
11,11,90,1,Neutral,False,0.0,,,0,0
11,11,91,5,Neutral,False,0.0,,,0,0
11,11,92,0,Neutral,False,0.0,,,0,0
11,11,93,4,Neutral,False,0.0,,,1,0
11,11,94,9,Seller,False,3.0,,0.1911,15,3
11,11,95,7,Neutral,False,0.0,,,3,0
11,11,96,8,Seller,False,1.6494,,0.1778,13,3
11,11,97,1,Neutral,False,0.0,,,0,0
11,11,98,2,Seller,False,1.1622,,0.1685,10,6
11,11,99,9,Neutral,False,0.0,,,14,0
12,12,0,4,Neutral,False,0.0,,,0,0
12,12,1,8,Neutral,False,0.0,,,9,0
12,12,2,3,Neutral,False,0.0,,,0,0
12,12,3,4,Neutral,False,0.0,,,2,0
12,12,4,2,Seller,False,1.7537,,0.2125,9,6
12,12,5,2,Neutral,False,0.0,,,0,0
12,12,6,7,Neutral,False,0.0,,,2,0
12,12,7,9,Neutral,False,0.0,,,12,0
12,12,8,0,Seller,False,1.4603,,0.2019,8,6
12,12,9,5,Neutral,False,0.0,,,2,0
12,12,10,8,Neutral,False,0.0,,,2,0
12,12,11,8,Neutral,False,0.0,,,2,0
12,12,12,9,Neutral,False,0.0,,,6,0
12,12,13,0,Seller,False,1.0964,,0.1913,0,1
12,12,14,2,Seller,False,0.6638,,0.1821,0,1
12,12,15,3,Neutral,False,0.0,,,0,0
12,12,16,9,Neutral,False,0.0,,,3,0
12,12,17,6,Seller,False,3.0,,0.2177,10,5
12,12,18,9,Neutral,False,0.0,,,15,0
12,12,19,6,Neutral,False,0.0,,,0,0
12,12,20,7,Neutral,False,0.0,,,4,0
12,12,21,3,Seller,False,0.5589,,0.187,0,1
12,12,22,4,Neutral,False,0.0,,,2,0
12,12,23,3,Seller,False,2.3851,,0.2132,7,6
12,12,24,5,Seller,False,1.6824,,0.2121,9,5
12,12,25,9,Neutral,False,0.0,,,6,0
12,12,26,8,Neutral,False,0.0,,,2,0
12,12,27,6,Neutral,False,0.0,,,6,0
12,12,28,5,Neutral,False,0.0,,,0,0
12,12,29,7,Neutral,False,0.0,,,2,0
12,12,30,2,Seller,False,0.3367,,0.1804,0,1
12,12,31,5,Seller,False,0.3999,,0.1753,0,1
12,12,32,6,Neutral,False,0.0,,,4,0
12,12,33,7,Neutral,False,0.0,,,4,0
12,12,34,4,Neutral,False,0.0,,,2,0
12,12,35,5,Neutral,False,0.0,,,2,0
12,12,36,2,Neutral,False,0.0,,,0,0
12,12,37,1,Seller,False,0.879,,0.196,0,1
12,12,38,6,Neutral,False,0.0,,,0,0
12,12,39,5,Neutral,False,0.0,,,0,0
12,12,40,6,Neutral,False,0.0,,,2,0
12,12,41,3,Seller,False,0.6591,,0.1854,0,1
12,12,42,2,Seller,False,0.7161,,0.1804,0,1
12,12,43,5,Neutral,False,0.0,,,0,0
12,12,44,7,Neutral,False,0.0,,,1,0
12,12,45,0,Seller,False,0.7106,,0.1847,2,1
12,12,46,6,Neutral,False,0.0,,,0,0
12,12,47,4,Neutral,False,0.0,,,1,0
12,12,48,3,Seller,False,1.3252,,0.2036,9,5
12,12,49,5,Neutral,False,0.0,,,2,0
12,12,50,5,Neutral,False,0.0,,,0,0
12,12,51,8,Neutral,False,0.0,,,4,0
12,12,52,9,Neutral,False,0.0,,,12,0
12,12,53,0,Seller,False,0.7147,,0.1912,0,1
12,12,54,7,Neutral,False,0.0,,,3,0
12,12,55,1,Seller,False,0.4796,,0.1791,0,1
12,12,56,3,Seller,False,2.7785,,0.2177,0,2
12,12,57,6,Neutral,False,0.0,,,6,0
12,12,58,8,Neutral,False,0.0,,,2,0
12,12,59,1,Neutral,False,0.0,,,0,0
12,12,60,8,Neutral,False,0.0,,,0,0
12,12,61,8,Neutral,False,0.0,,,11,0
12,12,62,5,Neutral,False,0.0,,,1,0
12,12,63,2,Seller,False,0.5392,,0.1881,0,1
12,12,64,3,Seller,False,0.3081,,0.1825,0,1
12,12,65,0,Seller,False,0.0564,,0.1709,0,1
12,12,66,4,Neutral,False,0.0,,,0,0
12,12,67,6,Neutral,False,0.0,,,2,0
12,12,68,4,Neutral,False,0.0,,,2,0
12,12,69,6,Seller,False,0.324,,0.1722,2,1
12,12,70,7,Neutral,False,0.0,,,0,0
12,12,71,9,Seller,False,1.8156,,0.2122,14,4
12,12,72,3,Neutral,False,0.0,,,0,0
12,12,73,0,Seller,False,0.6737,,0.1901,1,1
12,12,74,0,Seller,False,0.2642,,0.1779,1,1
12,12,75,4,Seller,False,0.5285,,0.1797,5,1
12,12,76,4,Seller,False,0.5015,,0.1842,2,1
12,12,77,9,Neutral,False,0.0,,,4,0
12,12,78,7,Seller,False,2.9611,,0.2177,11,5
12,12,79,7,Neutral,False,0.0,,,7,0
12,12,80,4,Seller,False,2.1705,,0.2177,10,5
12,12,81,4,Neutral,False,0.0,,,2,0
12,12,82,7,Neutral,False,0.0,,,3,0
12,12,83,1,Seller,False,0.1199,,0.1746,0,1
12,12,84,6,Neutral,False,0.0,,,0,0
12,12,85,7,Neutral,False,0.0,,,5,0
12,12,86,1,Seller,False,0.4629,,0.1846,0,1
12,12,87,8,Neutral,False,0.0,,,0,0
12,12,88,6,Seller,False,3.0,,0.2177,11,6
12,12,89,5,Neutral,False,0.0,,,6,0
12,12,90,1,Seller,False,1.707,,0.207,0,1
12,12,91,5,Neutral,False,0.0,,,0,0
12,12,92,0,Seller,False,0.5588,,0.1798,0,1
12,12,93,4,Neutral,False,0.0,,,1,0
12,12,94,9,Seller,False,3.0,,0.2177,15,4
12,12,95,7,Neutral,False,0.0,,,3,0
12,12,96,8,Seller,False,3.0,,0.2177,13,4
12,12,97,1,Neutral,False,0.0,,,0,0
12,12,98,2,Seller,False,2.2804,,0.2177,10,7
12,12,99,9,Neutral,False,0.0,,,14,0
13,13,0,4,Neutral,False,0.0,,,0,0
13,13,1,8,Neutral,False,0.0,,,9,0
13,13,2,3,Seller,False,1.5805,,0.1682,0,1
13,13,3,4,Neutral,False,0.0,,,2,0
13,13,4,2,Seller,False,2.0439,,0.1699,9,7
13,13,5,2,Seller,False,1.4302,,0.1598,0,1
13,13,6,7,Neutral,False,0.0,,,2,0
13,13,7,9,Neutral,False,0.0,,,12,0
13,13,8,0,Seller,False,1.4618,,0.1626,8,7
13,13,9,5,Seller,False,1.1414,,0.1553,2,1
13,13,10,8,Neutral,False,0.0,,,2,0
13,13,11,8,Neutral,False,0.0,,,2,0
13,13,12,9,Neutral,False,0.0,,,6,0
13,13,13,0,Seller,False,1.0845,,0.1528,0,2
13,13,14,2,Seller,False,1.283,,0.1572,0,2
13,13,15,3,Seller,False,0.9089,,0.1568,0,1
13,13,16,9,Neutral,False,0.0,,,3,0
13,13,17,6,Seller,False,1.9139,,0.1746,10,6
13,13,18,9,Neutral,False,0.0,,,15,0
13,13,19,6,Neutral,False,0.0,,,0,0
13,13,20,7,Neutral,False,0.0,,,4,0
13,13,21,3,Seller,False,1.4091,,0.1573,0,2
13,13,22,4,Seller,False,1.6884,,0.1691,2,1
13,13,23,3,Seller,False,1.6817,,0.1664,7,7
13,13,24,5,Seller,False,1.7377,,0.1694,9,6
13,13,25,9,Neutral,False,0.0,,,6,0
13,13,26,8,Neutral,False,0.0,,,2,0
13,13,27,6,Seller,False,0.0207,,0.133,6,1
13,13,28,5,Seller,False,1.3441,,0.1642,0,1
13,13,29,7,Seller,False,0.3013,,0.1416,2,1
13,13,30,2,Seller,False,1.3373,,0.161,0,2
13,13,31,5,Seller,False,1.9424,,0.1729,0,2
13,13,32,6,Neutral,False,0.0,,,4,0
13,13,33,7,Neutral,False,0.0,,,4,0
13,13,34,4,Seller,False,0.1356,,0.1382,2,1
13,13,35,5,Seller,False,0.5913,,0.1424,2,1
13,13,36,2,Seller,False,0.0951,,0.1338,0,1
13,13,37,1,Seller,False,1.6051,,0.1663,0,2
13,13,38,6,Neutral,False,0.0,,,0,0
13,13,39,5,Seller,False,1.7377,,0.1713,0,1
13,13,40,6,Seller,False,0.6464,,0.1438,2,1
13,13,41,3,Seller,False,2.8142,,0.1821,0,2
13,13,42,2,Seller,False,1.8963,,0.1777,0,2
13,13,43,5,Seller,False,1.4963,,0.1623,0,1
13,13,44,7,Neutral,False,0.0,,,1,0
13,13,45,0,Seller,False,1.1923,,0.1603,2,2
13,13,46,6,Seller,False,1.6708,,0.1622,0,1
13,13,47,4,Neutral,False,0.0,,,1,0
13,13,48,3,Seller,False,1.9099,,0.1681,9,6
13,13,49,5,Seller,False,1.5026,,0.1596,2,1
13,13,50,5,Seller,False,0.9292,,0.1483,0,1
13,13,51,8,Neutral,False,0.0,,,4,0
13,13,52,9,Neutral,False,0.0,,,12,0
13,13,53,0,Seller,False,1.2907,,0.1634,0,2
13,13,54,7,Neutral,False,0.0,,,3,0
13,13,55,1,Seller,False,2.1225,,0.1814,0,2
13,13,56,3,Seller,False,1.6555,,0.1621,0,3
13,13,57,6,Neutral,False,0.0,,,6,0
13,13,58,8,Neutral,False,0.0,,,2,0
13,13,59,1,Neutral,False,0.0,,,0,0
13,13,60,8,Neutral,False,0.0,,,0,0
13,13,61,8,Neutral,False,0.0,,,11,0
13,13,62,5,Seller,False,1.6542,,0.1701,1,1
13,13,63,2,Seller,False,2.3398,,0.1821,0,2
13,13,64,3,Seller,False,1.3302,,0.1603,0,2
13,13,65,0,Seller,False,1.761,,0.1715,0,2
13,13,66,4,Seller,False,1.2987,,0.1651,0,1
13,13,67,6,Neutral,False,0.0,,,2,0
13,13,68,4,Seller,False,1.529,,0.1676,2,1
13,13,69,6,Seller,False,1.9847,,0.1795,2,2
13,13,70,7,Neutral,False,0.0,,,0,0
13,13,71,9,Seller,False,2.7919,,0.1821,14,5
13,13,72,3,Seller,False,0.6418,,0.1516,0,1
13,13,73,0,Seller,False,1.3732,,0.1602,1,2
13,13,74,0,Seller,False,1.2661,,0.1586,1,2
13,13,75,4,Seller,False,1.6654,,0.162,5,2
13,13,76,4,Seller,False,2.9039,,0.1821,2,2
13,13,77,9,Neutral,False,0.0,,,4,0
13,13,78,7,Seller,False,1.8548,,0.1708,11,6
13,13,79,7,Neutral,False,0.0,,,7,0
13,13,80,4,Seller,False,3.0,,0.1821,10,6
13,13,81,4,Seller,False,0.805,,0.1453,2,1
13,13,82,7,Neutral,False,0.0,,,3,0
13,13,83,1,Seller,False,1.1765,,0.1554,0,2
13,13,84,6,Seller,False,1.4081,,0.1611,0,1
13,13,85,7,Neutral,False,0.0,,,5,0
13,13,86,1,Seller,False,2.1345,,0.1738,0,2
13,13,87,8,Neutral,False,0.0,,,0,0
13,13,88,6,Seller,False,3.0,,0.1821,11,7
13,13,89,5,Seller,False,0.2893,,0.1393,6,1
13,13,90,1,Seller,False,1.3137,,0.1631,0,2
13,13,91,5,Neutral,False,0.0,,,0,0
13,13,92,0,Seller,False,0.8037,,0.1503,0,2
13,13,93,4,Neutral,False,0.0,,,1,0
13,13,94,9,Seller,False,2.6344,,0.1821,15,5
13,13,95,7,Seller,False,0.4628,,0.1422,3,1
13,13,96,8,Seller,False,3.0,,0.1821,13,5
13,13,97,1,Seller,False,1.657,,0.1705,0,1
13,13,98,2,Seller,False,2.24,,0.1772,10,8
13,13,99,9,Neutral,False,0.0,,,14,0
14,14,0,4,Seller,False,1.4059,,0.1463,0,1
14,14,1,8,Neutral,False,0.0,,,9,0
14,14,2,3,Seller,False,1.9523,,0.1564,0,2
14,14,3,4,Seller,False,1.0854,,0.1423,2,1
14,14,4,2,Seller,False,1.4486,,0.1545,9,8
14,14,5,2,Seller,False,1.97,,0.1593,0,2
14,14,6,7,Seller,False,1.8988,,0.1531,2,1
14,14,7,9,Neutral,False,0.0,,,12,0
14,14,8,0,Seller,False,1.0391,,0.1448,8,8
14,14,9,5,Seller,False,2.976,,0.1693,2,2
14,14,10,8,Seller,False,1.739,,0.1573,2,1
14,14,11,8,Seller,False,1.5215,,0.1499,2,1
14,14,12,9,Neutral,False,0.0,,,6,0
14,14,13,0,Seller,False,1.1728,,0.1457,0,3
14,14,14,2,Seller,False,1.7517,,0.1549,0,3
14,14,15,3,Seller,False,1.9606,,0.16,0,2
14,14,16,9,Neutral,False,0.0,,,3,0
14,14,17,6,Seller,False,3.0,,0.1693,10,7
14,14,18,9,Seller,False,2.0115,,0.1652,15,1
14,14,19,6,Seller,False,2.8065,,0.1693,0,1
14,14,20,7,Seller,False,2.266,,0.1619,4,1
14,14,21,3,Seller,False,1.336,,0.1495,0,3
14,14,22,4,Seller,False,2.6503,,0.1693,2,2
14,14,23,3,Seller,False,1.3316,,0.1444,7,8
14,14,24,5,Seller,False,1.2361,,0.1463,9,7
14,14,25,9,Neutral,False,0.0,,,6,0
14,14,26,8,Seller,False,3.0,,0.1693,2,1
14,14,27,6,Seller,False,1.6855,,0.1494,6,2
14,14,28,5,Seller,False,2.8794,,0.1693,0,2
14,14,29,7,Seller,False,2.8614,,0.1693,2,2
14,14,30,2,Seller,False,1.6556,,0.1523,0,3
14,14,31,5,Seller,False,2.0601,,0.1645,0,3
14,14,32,6,Seller,False,0.9771,,0.1382,4,1
14,14,33,7,Neutral,False,0.0,,,4,0
14,14,34,4,Seller,False,1.5553,,0.1518,2,2
14,14,35,5,Seller,False,2.4143,,0.1693,2,2
14,14,36,2,Seller,False,1.7561,,0.1546,0,2
14,14,37,1,Seller,False,1.2945,,0.1486,0,3
14,14,38,6,Seller,False,1.3507,,0.148,0,1
14,14,39,5,Seller,False,1.2821,,0.1443,0,2
14,14,40,6,Seller,False,2.9236,,0.1693,2,2
14,14,41,3,Seller,False,1.4832,,0.1532,0,3
14,14,42,2,Seller,False,1.4742,,0.1507,0,3
14,14,43,5,Seller,False,1.3952,,0.1499,0,2
14,14,44,7,Neutral,False,0.0,,,1,0
14,14,45,0,Seller,False,0.988,,0.1371,2,3
14,14,46,6,Seller,False,1.3436,,0.1498,0,2
14,14,47,4,Seller,False,2.0053,,0.1639,1,1
14,14,48,3,Seller,False,2.1661,,0.1688,9,7
14,14,49,5,Seller,False,1.5009,,0.1523,2,2
14,14,50,5,Seller,False,1.2875,,0.1469,0,2
14,14,51,8,Seller,False,0.1478,,0.1256,4,1
14,14,52,9,Neutral,False,0.0,,,12,0
14,14,53,0,Seller,False,1.0164,,0.1424,0,3
14,14,54,7,Neutral,False,0.0,,,3,0
14,14,55,1,Seller,False,1.8049,,0.1537,0,3
14,14,56,3,Seller,False,1.4872,,0.152,0,4
14,14,57,6,Seller,False,1.5384,,0.1468,6,1
14,14,58,8,Seller,False,1.6601,,0.1496,2,1
14,14,59,1,Seller,False,1.4152,,0.1442,0,1
14,14,60,8,Neutral,False,0.0,,,0,0
14,14,61,8,Neutral,False,0.0,,,11,0
14,14,62,5,Seller,False,2.7296,,0.1693,1,2
14,14,63,2,Seller,False,1.0141,,0.1361,0,3
14,14,64,3,Seller,False,2.2559,,0.1693,0,3
14,14,65,0,Seller,False,1.5637,,0.1494,0,3
14,14,66,4,Seller,False,2.4037,,0.1693,0,2
14,14,67,6,Neutral,False,0.0,,,2,0
14,14,68,4,Seller,False,1.5103,,0.1549,2,2
14,14,69,6,Seller,False,3.0,,0.1693,2,3
14,14,70,7,Seller,False,1.5787,,0.151,0,1
14,14,71,9,Seller,False,3.0,,0.1693,14,6
14,14,72,3,Seller,False,2.3604,,0.1693,0,2
14,14,73,0,Seller,False,1.3625,,0.1495,1,3
14,14,74,0,Seller,False,1.4119,,0.1478,1,3
14,14,75,4,Seller,False,1.267,,0.15,5,3
14,14,76,4,Seller,False,1.7888,,0.1544,2,3
14,14,77,9,Seller,False,0.8166,,0.1408,4,1
14,14,78,7,Seller,False,1.9744,,0.1598,11,7
14,14,79,7,Neutral,False,0.0,,,7,0
14,14,80,4,Seller,False,2.3779,,0.1693,10,7
14,14,81,4,Seller,False,1.7627,,0.1539,2,2
14,14,82,7,Seller,False,0.5996,,0.1364,3,1
14,14,83,1,Seller,False,1.7382,,0.1539,0,3
14,14,84,6,Seller,False,1.3009,,0.1421,0,2
14,14,85,7,Neutral,False,0.0,,,5,0
14,14,86,1,Seller,False,0.9914,,0.1419,0,3
14,14,87,8,Seller,False,0.0221,,0.1203,0,1
14,14,88,6,Seller,False,1.9818,,0.1571,11,8
14,14,89,5,Seller,False,2.302,,0.1633,6,2
14,14,90,1,Seller,False,1.4757,,0.1545,0,3
14,14,91,5,Seller,False,1.2965,,0.1457,0,1
14,14,92,0,Seller,False,0.9998,,0.1399,0,3
14,14,93,4,Seller,False,1.8079,,0.1562,1,1
14,14,94,9,Seller,False,3.0,,0.1693,15,6
14,14,95,7,Seller,False,2.871,,0.1693,3,2
14,14,96,8,Seller,False,2.3806,,0.1642,13,6
14,14,97,1,Seller,False,1.043,,0.1372,0,2
14,14,98,2,Seller,False,1.1035,,0.1384,10,9
14,14,99,9,Seller,False,2.9753,,0.1693,14,1
15,15,0,4,Seller,False,1.1442,,0.1446,0,2
15,15,1,8,Seller,False,2.0775,,0.1633,9,1
15,15,2,3,Seller,False,2.0031,,0.1608,0,3
15,15,3,4,Seller,False,1.6835,,0.1525,2,2
15,15,4,2,Seller,False,0.8354,,0.1378,9,9
15,15,5,2,Seller,False,1.6292,,0.15,0,3
15,15,6,7,Seller,False,2.5959,,0.1693,2,2
15,15,7,9,Seller,False,0.5264,,0.1265,12,1
15,15,8,0,Seller,False,0.5553,,0.1305,8,9
15,15,9,5,Seller,False,1.7929,,0.1551,2,3
15,15,10,8,Seller,False,1.5116,,0.1498,2,2
15,15,11,8,Seller,False,2.7944,,0.1693,2,2
15,15,12,9,Seller,False,1.3695,,0.1448,6,1
15,15,13,0,Seller,False,0.9511,,0.1354,0,4
15,15,14,2,Seller,False,0.8796,,0.1357,0,4
15,15,15,3,Seller,False,1.9459,,0.1553,0,3
15,15,16,9,Neutral,False,0.0,,,3,0
15,15,17,6,Seller,False,1.52,,0.1524,10,8
15,15,18,9,Seller,False,2.6528,,0.1693,15,2
15,15,19,6,Seller,False,1.4569,,0.1449,0,2
15,15,20,7,Seller,False,2.346,,0.1633,4,2
15,15,21,3,Seller,False,1.1526,,0.1423,0,4
15,15,22,4,Seller,False,1.094,,0.1393,2,3
15,15,23,3,Seller,False,1.2806,,0.1469,7,9
15,15,24,5,Seller,False,1.3486,,0.1462,9,8
15,15,25,9,Seller,False,1.3649,,0.1487,6,1
15,15,26,8,Seller,False,2.8587,,0.1693,2,2
15,15,27,6,Seller,False,1.0785,,0.1397,6,3
15,15,28,5,Seller,False,1.452,,0.1523,0,3
15,15,29,7,Seller,False,1.3096,,0.1419,2,3
15,15,30,2,Seller,False,0.8672,,0.1413,0,4
15,15,31,5,Seller,False,1.5311,,0.1522,0,4
15,15,32,6,Seller,False,0.9416,,0.1412,4,2
15,15,33,7,Seller,False,1.5689,,0.1554,4,1
15,15,34,4,Seller,False,1.8902,,0.1535,2,3
15,15,35,5,Seller,False,2.1822,,0.1593,2,3
15,15,36,2,Seller,False,0.8925,,0.1395,0,3
15,15,37,1,Seller,False,0.7455,,0.1309,0,4
15,15,38,6,Seller,False,1.3227,,0.145,0,2
15,15,39,5,Seller,False,2.2492,,0.1664,0,3
15,15,40,6,Seller,False,1.949,,0.1633,2,3
15,15,41,3,Seller,False,1.7662,,0.1586,0,4
15,15,42,2,Seller,False,1.3835,,0.1468,0,4
15,15,43,5,Seller,False,1.1038,,0.1397,0,3
15,15,44,7,Seller,False,0.4478,,0.1313,1,1
15,15,45,0,Seller,False,0.8961,,0.1337,2,4
15,15,46,6,Seller,False,1.6283,,0.1497,0,3
15,15,47,4,Seller,False,1.0095,,0.1379,1,2
15,15,48,3,Seller,False,0.8005,,0.1369,9,8
15,15,49,5,Seller,False,2.3467,,0.1682,2,3
15,15,50,5,Seller,False,1.7999,,0.1576,0,3
15,15,51,8,Seller,False,1.2577,,0.1417,4,2
15,15,52,9,Seller,False,0.6647,,0.1356,12,1
15,15,53,0,Seller,False,0.6986,,0.1364,0,4
15,15,54,7,Seller,False,1.3476,,0.1437,3,1
15,15,55,1,Seller,False,0.843,,0.1328,0,4
15,15,56,3,Seller,False,1.7271,,0.1574,0,5
15,15,57,6,Seller,False,1.4396,,0.1507,6,2
15,15,58,8,Seller,False,2.4084,,0.1693,2,2
15,15,59,1,Seller,False,0.9143,,0.1411,0,2
15,15,60,8,Neutral,False,0.0,,,0,0
15,15,61,8,Seller,False,2.3077,,0.1693,11,1
15,15,62,5,Seller,False,1.2669,,0.1492,1,3
15,15,63,2,Seller,False,0.7876,,0.1373,0,4
15,15,64,3,Seller,False,2.0285,,0.1569,0,4
15,15,65,0,Seller,False,1.1324,,0.1455,0,4
15,15,66,4,Seller,False,2.1293,,0.1635,0,3
15,15,67,6,Seller,False,0.3479,,0.1227,2,1
15,15,68,4,Seller,False,0.9643,,0.1364,2,3
15,15,69,6,Seller,False,1.6931,,0.1575,2,4
15,15,70,7,Seller,False,1.3843,,0.1439,0,2
15,15,71,9,Seller,False,3.0,,0.1693,14,7
15,15,72,3,Seller,False,0.7602,,0.1386,0,3
15,15,73,0,Seller,False,0.8103,,0.1365,1,4
15,15,74,0,Seller,False,1.1081,,0.1419,1,4
15,15,75,4,Seller,False,1.6002,,0.1507,5,4
15,15,76,4,Seller,False,0.8488,,0.1334,2,4
15,15,77,9,Seller,False,1.5379,,0.1533,4,2
15,15,78,7,Seller,False,1.6254,,0.1577,11,8
15,15,79,7,Seller,False,0.7903,,0.1337,7,1
15,15,80,4,Seller,False,0.9867,,0.1422,10,8
15,15,81,4,Seller,False,1.5598,,0.1529,2,3
15,15,82,7,Seller,False,1.0325,,0.1402,3,2
15,15,83,1,Seller,False,1.0471,,0.1393,0,4
15,15,84,6,Seller,False,2.2111,,0.168,0,3
15,15,85,7,Neutral,False,0.0,,,5,0
15,15,86,1,Seller,False,0.9235,,0.1392,0,4
15,15,87,8,Seller,False,1.9181,,0.1551,0,2
15,15,88,6,Seller,False,1.392,,0.1496,11,9
15,15,89,5,Seller,False,1.2898,,0.1421,6,3
15,15,90,1,Seller,False,0.5562,,0.1308,0,4
15,15,91,5,Seller,False,1.1049,,0.1418,0,2
15,15,92,0,Seller,False,1.2617,,0.1448,0,4
15,15,93,4,Seller,False,1.9683,,0.1577,1,2
15,15,94,9,Seller,False,2.286,,0.1693,15,7
15,15,95,7,Seller,False,0.9693,,0.1433,3,3
15,15,96,8,Seller,False,1.6005,,0.1522,13,7
15,15,97,1,Seller,False,1.4589,,0.1458,0,3
15,15,98,2,Seller,False,1.5697,,0.1542,10,10
15,15,99,9,Seller,False,2.7765,,0.1693,14,2
16,16,0,4,Seller,False,1.0894,,0.1607,0,3
16,16,1,8,Seller,False,1.24,,0.174,9,2
16,16,2,3,Seller,False,0.4658,,0.1512,0,4
16,16,3,4,Seller,False,0.7069,,0.1603,2,3
16,16,4,2,Seller,False,0.4851,,0.1519,9,10
16,16,5,2,Seller,False,0.6442,,0.1558,0,4
16,16,6,7,Seller,False,0.6592,,0.1611,2,3
16,16,7,9,Seller,False,1.1059,,0.1647,12,2
16,16,8,0,Seller,False,0.5609,,0.1528,8,10
16,16,9,5,Seller,False,1.2785,,0.1707,2,4
16,16,10,8,Seller,False,0.7473,,0.1607,2,3
16,16,11,8,Seller,False,1.4799,,0.1778,2,3
16,16,12,9,Seller,False,1.0813,,0.1622,6,2
16,16,13,0,Seller,False,0.2721,,0.1501,0,5
16,16,14,2,Seller,False,0.869,,0.1589,0,5
16,16,15,3,Seller,False,0.3065,,0.1503,0,4
16,16,16,9,Neutral,False,0.0,,,3,0
16,16,17,6,Seller,False,0.7162,,0.1636,10,9
16,16,18,9,Seller,False,0.7751,,0.1643,15,3
16,16,19,6,Seller,False,1.4416,,0.1785,0,3
16,16,20,7,Seller,False,0.4548,,0.1552,4,3
16,16,21,3,Seller,False,0.5002,,0.1568,0,5
16,16,22,4,Seller,False,0.424,,0.1491,2,4
16,16,23,3,Seller,False,0.9641,,0.1661,7,10
16,16,24,5,Seller,False,0.4012,,0.1505,9,9
16,16,25,9,Seller,False,0.8133,,0.1573,6,2
16,16,26,8,Seller,False,0.7381,,0.16,2,3
16,16,27,6,Seller,False,1.0766,,0.1688,6,4
16,16,28,5,Seller,False,1.3785,,0.1702,0,4
16,16,29,7,Seller,False,0.939,,0.1575,2,4
16,16,30,2,Seller,False,0.4976,,0.1527,0,5
16,16,31,5,Seller,False,1.1971,,0.169,0,5
16,16,32,6,Seller,False,0.6899,,0.1584,4,3
16,16,33,7,Seller,False,0.8552,,0.156,4,2
16,16,34,4,Seller,False,0.8098,,0.1553,2,4
16,16,35,5,Seller,False,1.2411,,0.1706,2,4
16,16,36,2,Seller,False,0.9746,,0.1638,0,4
16,16,37,1,Seller,False,0.696,,0.154,0,5
16,16,38,6,Seller,False,0.8939,,0.1617,0,3
16,16,39,5,Seller,False,1.0014,,0.1608,0,4
16,16,40,6,Seller,False,0.4789,,0.1499,2,4
16,16,41,3,Seller,False,0.365,,0.1507,0,5
16,16,42,2,Seller,False,0.9504,,0.1654,0,5
16,16,43,5,Seller,False,1.1648,,0.1645,0,4
16,16,44,7,Seller,False,1.2316,,0.1682,1,2
16,16,45,0,Seller,False,0.4807,,0.1532,2,5
16,16,46,6,Seller,False,1.0667,,0.1667,0,4
16,16,47,4,Seller,False,0.5614,,0.1538,1,3
16,16,48,3,Seller,False,0.5749,,0.1548,9,9
16,16,49,5,Seller,False,1.2835,,0.1722,2,4
16,16,50,5,Seller,False,0.6837,,0.1602,0,4
16,16,51,8,Seller,False,0.1625,,0.1501,4,3
16,16,52,9,Seller,False,0.9589,,0.1636,12,2
16,16,53,0,Seller,False,0.5906,,0.1506,0,5
16,16,54,7,Seller,False,1.2092,,0.1629,3,2
16,16,55,1,Seller,False,0.8592,,0.1565,0,5
16,16,56,3,Seller,False,0.8172,,0.163,0,6
16,16,57,6,Seller,False,1.0466,,0.1687,6,3
16,16,58,8,Seller,False,0.3333,,0.1516,2,3
16,16,59,1,Seller,False,0.6026,,0.157,0,3
16,16,60,8,Seller,False,0.6286,,0.1564,0,1
16,16,61,8,Seller,False,0.8586,,0.1588,11,2
16,16,62,5,Seller,False,1.1239,,0.1612,1,4
16,16,63,2,Seller,False,0.2911,,0.1512,0,5
16,16,64,3,Seller,False,0.697,,0.1553,0,5
16,16,65,0,Seller,False,0.3991,,0.148,0,5
16,16,66,4,Seller,False,0.6241,,0.1544,0,4
16,16,67,6,Seller,False,0.9399,,0.1641,2,2
16,16,68,4,Seller,False,0.5379,,0.1596,2,4
16,16,69,6,Seller,False,0.4007,,0.153,2,5
16,16,70,7,Seller,False,1.0601,,0.1703,0,3
16,16,71,9,Seller,False,0.3689,,0.1512,14,8
16,16,72,3,Seller,False,0.3049,,0.1534,0,4
16,16,73,0,Seller,False,0.6088,,0.1539,1,5
16,16,74,0,Seller,False,0.6065,,0.1534,1,5
16,16,75,4,Seller,False,0.8156,,0.1639,5,5
16,16,76,4,Seller,False,0.4148,,0.1486,2,5
16,16,77,9,Seller,False,0.3435,,0.1523,4,3
16,16,78,7,Seller,False,1.2235,,0.1638,11,9
16,16,79,7,Seller,False,1.0878,,0.1676,7,2
16,16,80,4,Seller,False,0.4324,,0.1552,10,9
16,16,81,4,Seller,False,1.3874,,0.1761,2,4
16,16,82,7,Seller,False,1.4153,,0.1711,3,3
16,16,83,1,Seller,False,0.4997,,0.1554,0,5
16,16,84,6,Seller,False,1.1657,,0.1698,0,4
16,16,85,7,Neutral,False,0.0,,,5,0
16,16,86,1,Seller,False,0.2463,,0.1508,0,5
16,16,87,8,Seller,False,0.5377,,0.1528,0,3
16,16,88,6,Seller,False,0.3554,,0.1491,11,10
16,16,89,5,Seller,False,0.2482,,0.1484,6,4
16,16,90,1,Seller,False,0.9374,,0.1571,0,5
16,16,91,5,Seller,False,1.3884,,0.1676,0,3
16,16,92,0,Seller,False,0.7482,,0.1566,0,5
16,16,93,4,Seller,False,0.2868,,0.1513,1,3
16,16,94,9,Seller,False,0.1192,,0.1492,15,8
16,16,95,7,Seller,False,1.38,,0.1751,3,4
16,16,96,8,Seller,False,0.9107,,0.1574,13,8
16,16,97,1,Seller,False,0.4892,,0.1536,0,4
16,16,98,2,Seller,False,0.8723,,0.1598,10,11
16,16,99,9,Seller,False,1.5816,,0.1803,14,3
17,17,0,4,Neutral,False,0.0,,,0,3
17,17,1,8,Neutral,False,0.0,,,9,2
17,17,2,3,Neutral,False,0.0,,,0,4
17,17,3,4,Neutral,False,0.0,,,2,3
17,17,4,2,Buyer,False,0.1632,0.1806,,11,10
17,17,5,2,Seller,False,0.0541,,0.1596,1,4
17,17,6,7,Neutral,False,0.0,,,2,3
17,17,7,9,Neutral,False,0.0,,,12,2
17,17,8,0,Seller,False,0.111,,0.1616,11,10
17,17,9,5,Neutral,False,0.0,,,2,4
17,17,10,8,Neutral,False,0.0,,,2,3
17,17,11,8,Neutral,False,0.0,,,2,3
17,17,12,9,Neutral,False,0.0,,,6,2
17,17,13,0,Seller,False,0.0284,,0.156,1,5
17,17,14,2,Neutral,False,0.0,,,0,5
17,17,15,3,Seller,False,0.2492,,0.1653,0,5
17,17,16,9,Neutral,False,0.0,,,3,0
17,17,17,6,Banned,True,0,,0.156,11,9
17,17,18,9,Neutral,False,0.0,,,15,3
17,17,19,6,Neutral,False,0.0,,,0,3
17,17,20,7,Seller,False,0.0614,,0.1574,5,3
17,17,21,3,Neutral,False,0.0,,,0,5
17,17,22,4,Seller,False,0.0248,,0.1571,3,4
17,17,23,3,Neutral,False,0.0,,,7,10
17,17,24,5,Buyer,False,0.0613,0.1853,,10,9
17,17,25,9,Neutral,False,0.0,,,6,2
17,17,26,8,Neutral,False,0.0,,,2,3
17,17,27,6,Neutral,False,0.0,,,6,4
17,17,28,5,Neutral,False,0.0,,,0,4
17,17,29,7,Neutral,False,0.0,,,2,4
17,17,30,2,Neutral,False,0.0,,,0,5
17,17,31,5,Seller,False,0.0125,,0.1586,1,5
17,17,32,6,Seller,False,0.024,,0.156,5,3
17,17,33,7,Neutral,False,0.0,,,4,2
17,17,34,4,Seller,False,0.1028,,0.1617,3,4
17,17,35,5,Seller,False,0.1397,,0.1628,3,4
17,17,36,2,Neutral,False,0.0,,,0,4
17,17,37,1,Seller,False,0.2076,,0.1612,3,5
17,17,38,6,Neutral,False,0.0,,,0,3
17,17,39,5,Neutral,False,0.0,,,0,4
17,17,40,6,Neutral,False,0.0,,,2,4
17,17,41,3,Neutral,False,0.0,,,0,5
17,17,42,2,Seller,False,0.0476,,0.1592,1,5
17,17,43,5,Neutral,False,0.0,,,0,4
17,17,44,7,Neutral,False,0.0,,,1,2
17,17,45,0,Seller,False,0.0579,,0.163,3,6
17,17,46,6,Neutral,False,0.0,,,0,4
17,17,47,4,Seller,False,0.0564,,0.156,2,3
17,17,48,3,Buyer,False,0.2387,0.1835,,12,9
17,17,49,5,Neutral,False,0.0,,,2,4
17,17,50,5,Neutral,False,0.0,,,0,4
17,17,51,8,Neutral,False,0.0,,,4,3
17,17,52,9,Neutral,False,0.0,,,12,2
17,17,53,0,Seller,False,0.1272,,0.1647,0,6
17,17,54,7,Neutral,False,0.0,,,3,2
17,17,55,1,Seller,False,0.0528,,0.156,1,5
17,17,56,3,Neutral,False,0.0,,,0,6
17,17,57,6,Neutral,False,0.0,,,6,3
17,17,58,8,Neutral,False,0.0,,,2,3
17,17,59,1,Seller,False,0.0925,,0.1582,1,3
17,17,60,8,Neutral,False,0.0,,,0,1
17,17,61,8,Neutral,False,0.0,,,11,2
17,17,62,5,Seller,False,0.1084,,0.1577,3,4
17,17,63,2,Neutral,False,0.0,,,0,5
17,17,64,3,Seller,False,0.129,,0.1638,0,6
17,17,65,0,Neutral,False,0.0,,,0,5
17,17,66,4,Neutral,False,0.0,,,0,4
17,17,67,6,Neutral,False,0.0,,,2,2
17,17,68,4,Neutral,False,0.0,,,2,4
17,17,69,6,Neutral,False,0.0,,,2,5
17,17,70,7,Neutral,False,0.0,,,0,3
17,17,71,9,Banned,True,0,0.1906,,24,8
17,17,72,3,Neutral,False,0.0,,,0,4
17,17,73,0,Seller,False,0.0764,,0.1607,2,5
17,17,74,0,Seller,False,0.0499,,0.1603,2,5
17,17,75,4,Neutral,False,0.0,,,5,5
17,17,76,4,Seller,False,0.0774,,0.1593,3,5
17,17,77,9,Neutral,False,0.0,,,4,3
17,17,78,7,Buyer,False,0.0447,0.1842,,12,9
17,17,79,7,Seller,False,0.0276,,0.1564,8,2
17,17,80,4,Seller,False,0.2692,,0.1651,10,10
17,17,81,4,Seller,False,0.2144,,0.166,2,5
17,17,82,7,Seller,False,0.0981,,0.1626,4,3
17,17,83,1,Neutral,False,0.0,,,0,5
17,17,84,6,Neutral,False,0.0,,,0,4
17,17,85,7,Neutral,False,0.0,,,5,0
17,17,86,1,Seller,False,0.0909,,0.156,1,5
17,17,87,8,Neutral,False,0.0,,,0,3
17,17,88,6,Banned,True,0,0.185,,13,10
17,17,89,5,Neutral,False,0.0,,,6,4
17,17,90,1,Neutral,False,0.0,,,0,5
17,17,91,5,Neutral,False,0.0,,,0,3
17,17,92,0,Neutral,False,0.0,,,0,5
17,17,93,4,Neutral,False,0.0,,,1,3
17,17,94,9,Banned,True,0,0.1853,,20,8
17,17,95,7,Neutral,False,0.0,,,3,4
17,17,96,8,Buyer,False,0.2006,0.1882,,17,8
17,17,97,1,Seller,False,0.1823,,0.1622,2,4
17,17,98,2,Buyer,False,0.198,0.1821,,12,11
17,17,99,9,Neutral,False,0.0,,,14,3
18,18,0,4,Neutral,False,0.0,,,0,3
18,18,1,8,Neutral,False,0.0,,,9,2
18,18,2,3,Neutral,False,0.0,,,0,4
18,18,3,4,Neutral,False,0.0,,,2,3
18,18,4,2,Buyer,False,0.7614,0.2418,,11,11
18,18,5,2,Neutral,False,0.0,,,1,4
18,18,6,7,Neutral,False,0.0,,,2,3
18,18,7,9,Neutral,False,0.0,,,12,2
18,18,8,0,Buyer,False,0.6202,0.2338,,11,11
18,18,9,5,Neutral,False,0.0,,,2,4
18,18,10,8,Neutral,False,0.0,,,2,3
18,18,11,8,Neutral,False,0.0,,,2,3
18,18,12,9,Seller,False,3.0,,0.2231,8,2
18,18,13,0,Neutral,False,0.0,,,1,5
18,18,14,2,Neutral,False,0.0,,,0,5
18,18,15,3,Neutral,False,0.0,,,0,5
18,18,16,9,Neutral,False,0.0,,,3,0
18,18,17,6,Banned,True,0,,,11,9
18,18,18,9,Neutral,False,0.0,,,15,3
18,18,19,6,Neutral,False,0.0,,,0,3
18,18,20,7,Neutral,False,0.0,,,5,3
18,18,21,3,Neutral,False,0.0,,,0,5
18,18,22,4,Neutral,False,0.0,,,3,4
18,18,23,3,Banned,True,0,0.2419,,7,11
18,18,24,5,Banned,True,0,0.2454,,12,9
18,18,25,9,Neutral,False,0.0,,,6,2
18,18,26,8,Neutral,False,0.0,,,2,3
18,18,27,6,Neutral,False,0.0,,,6,4
18,18,28,5,Neutral,False,0.0,,,0,4
18,18,29,7,Neutral,False,0.0,,,2,4
18,18,30,2,Neutral,False,0.0,,,0,5
18,18,31,5,Neutral,False,0.0,,,1,5
18,18,32,6,Neutral,False,0.0,,,5,3
18,18,33,7,Neutral,False,0.0,,,4,2
18,18,34,4,Neutral,False,0.0,,,3,4
18,18,35,5,Neutral,False,0.0,,,3,4
18,18,36,2,Neutral,False,0.0,,,0,4
18,18,37,1,Neutral,False,0.0,,,3,5
18,18,38,6,Neutral,False,0.0,,,0,3
18,18,39,5,Neutral,False,0.0,,,0,4
18,18,40,6,Neutral,False,0.0,,,2,4
18,18,41,3,Neutral,False,0.0,,,0,5
18,18,42,2,Neutral,False,0.0,,,1,5
18,18,43,5,Neutral,False,0.0,,,0,4
18,18,44,7,Neutral,False,0.0,,,1,2
18,18,45,0,Neutral,False,0.0,,,3,6
18,18,46,6,Neutral,False,0.0,,,0,4
18,18,47,4,Neutral,False,0.0,,,2,3
18,18,48,3,Buyer,False,0.9498,0.2428,,13,10
18,18,49,5,Neutral,False,0.0,,,2,4
18,18,50,5,Neutral,False,0.0,,,0,4
18,18,51,8,Neutral,False,0.0,,,4,3
18,18,52,9,Seller,False,3.0,,0.2231,15,2
18,18,53,0,Neutral,False,0.0,,,0,6
18,18,54,7,Neutral,False,0.0,,,3,2
18,18,55,1,Neutral,False,0.0,,,1,5
18,18,56,3,Neutral,False,0.0,,,0,6
18,18,57,6,Neutral,False,0.0,,,6,3
18,18,58,8,Neutral,False,0.0,,,2,3
18,18,59,1,Neutral,False,0.0,,,1,3
18,18,60,8,Neutral,False,0.0,,,0,1
18,18,61,8,Neutral,False,0.0,,,11,2
18,18,62,5,Neutral,False,0.0,,,3,4
18,18,63,2,Neutral,False,0.0,,,0,5
18,18,64,3,Neutral,False,0.0,,,0,6
18,18,65,0,Neutral,False,0.0,,,0,5
18,18,66,4,Neutral,False,0.0,,,0,4
18,18,67,6,Neutral,False,0.0,,,2,2
18,18,68,4,Neutral,False,0.0,,,2,4
18,18,69,6,Neutral,False,0.0,,,2,5
18,18,70,7,Neutral,False,0.0,,,0,3
18,18,71,9,Banned,True,0,,,24,8
18,18,72,3,Neutral,False,0.0,,,0,4
18,18,73,0,Neutral,False,0.0,,,2,5
18,18,74,0,Neutral,False,0.0,,,2,5
18,18,75,4,Neutral,False,0.0,,,5,5
18,18,76,4,Neutral,False,0.0,,,3,5
18,18,77,9,Neutral,False,0.0,,,4,3
18,18,78,7,Banned,True,0,0.2439,,13,9
18,18,79,7,Neutral,False,0.0,,,8,2
18,18,80,4,Banned,True,0,0.241,,10,11
18,18,81,4,Neutral,False,0.0,,,2,5
18,18,82,7,Neutral,False,0.0,,,4,3
18,18,83,1,Neutral,False,0.0,,,0,5
18,18,84,6,Neutral,False,0.0,,,0,4
18,18,85,7,Neutral,False,0.0,,,5,0
18,18,86,1,Neutral,False,0.0,,,1,5
18,18,87,8,Neutral,False,0.0,,,0,3
18,18,88,6,Banned,True,0,,,13,10
18,18,89,5,Neutral,False,0.0,,,6,4
18,18,90,1,Neutral,False,0.0,,,0,5
18,18,91,5,Neutral,False,0.0,,,0,3
18,18,92,0,Neutral,False,0.0,,,0,5
18,18,93,4,Neutral,False,0.0,,,1,3
18,18,94,9,Banned,True,0,,,20,8
18,18,95,7,Neutral,False,0.0,,,3,4
18,18,96,8,Banned,True,0,0.2455,,18,8
18,18,97,1,Neutral,False,0.0,,,2,4
18,18,98,2,Buyer,False,0.8464,0.235,,12,12
18,18,99,9,Neutral,False,0.0,,,14,3
19,19,0,4,Neutral,False,0.0,,,0,3
19,19,1,8,Neutral,False,0.0,,,9,2
19,19,2,3,Neutral,False,0.0,,,0,4
19,19,3,4,Neutral,False,0.0,,,2,3
19,19,4,2,Buyer,False,0.9954,0.258,,12,11
19,19,5,2,Neutral,False,0.0,,,1,4
19,19,6,7,Neutral,False,0.0,,,2,3
19,19,7,9,Neutral,False,0.0,,,12,2
19,19,8,0,Buyer,False,0.6217,0.2563,,12,11
19,19,9,5,Neutral,False,0.0,,,2,4
19,19,10,8,Neutral,False,0.0,,,2,3
19,19,11,8,Neutral,False,0.0,,,2,3
19,19,12,9,Neutral,False,0.0,,,8,2
19,19,13,0,Neutral,False,0.0,,,1,5
19,19,14,2,Neutral,False,0.0,,,0,5
19,19,15,3,Neutral,False,0.0,,,0,5
19,19,16,9,Neutral,False,0.0,,,3,0
19,19,17,6,Neutral,False,0.0,,,11,9
19,19,18,9,Seller,False,3.0,,0.237,19,3
19,19,19,6,Neutral,False,0.0,,,0,3
19,19,20,7,Neutral,False,0.0,,,5,3
19,19,21,3,Neutral,False,0.0,,,0,5
19,19,22,4,Neutral,False,0.0,,,3,4
19,19,23,3,Banned,True,0,,,7,11
19,19,24,5,Banned,True,0,,,12,9
19,19,25,9,Neutral,False,0.0,,,6,2
19,19,26,8,Neutral,False,0.0,,,2,3
19,19,27,6,Neutral,False,0.0,,,6,4
19,19,28,5,Neutral,False,0.0,,,0,4
19,19,29,7,Neutral,False,0.0,,,2,4
19,19,30,2,Neutral,False,0.0,,,0,5
19,19,31,5,Neutral,False,0.0,,,1,5
19,19,32,6,Neutral,False,0.0,,,5,3
19,19,33,7,Neutral,False,0.0,,,4,2
19,19,34,4,Neutral,False,0.0,,,3,4
19,19,35,5,Neutral,False,0.0,,,3,4
19,19,36,2,Neutral,False,0.0,,,0,4
19,19,37,1,Neutral,False,0.0,,,3,5
19,19,38,6,Neutral,False,0.0,,,0,3
19,19,39,5,Neutral,False,0.0,,,0,4
19,19,40,6,Neutral,False,0.0,,,2,4
19,19,41,3,Neutral,False,0.0,,,0,5
19,19,42,2,Neutral,False,0.0,,,1,5
19,19,43,5,Neutral,False,0.0,,,0,4
19,19,44,7,Neutral,False,0.0,,,1,2
19,19,45,0,Neutral,False,0.0,,,3,6
19,19,46,6,Neutral,False,0.0,,,0,4
19,19,47,4,Neutral,False,0.0,,,2,3
19,19,48,3,Buyer,False,1.0992,0.2548,,14,11
19,19,49,5,Neutral,False,0.0,,,2,4
19,19,50,5,Neutral,False,0.0,,,0,4
19,19,51,8,Neutral,False,0.0,,,4,3
19,19,52,9,Neutral,False,0.0,,,15,2
19,19,53,0,Neutral,False,0.0,,,0,6
19,19,54,7,Neutral,False,0.0,,,3,2
19,19,55,1,Neutral,False,0.0,,,1,5
19,19,56,3,Neutral,False,0.0,,,0,6
19,19,57,6,Neutral,False,0.0,,,6,3
19,19,58,8,Neutral,False,0.0,,,2,3
19,19,59,1,Neutral,False,0.0,,,1,3
19,19,60,8,Neutral,False,0.0,,,0,1
19,19,61,8,Neutral,False,0.0,,,11,2
19,19,62,5,Neutral,False,0.0,,,3,4
19,19,63,2,Neutral,False,0.0,,,0,5
19,19,64,3,Neutral,False,0.0,,,0,6
19,19,65,0,Neutral,False,0.0,,,0,5
19,19,66,4,Neutral,False,0.0,,,0,4
19,19,67,6,Neutral,False,0.0,,,2,2
19,19,68,4,Neutral,False,0.0,,,2,4
19,19,69,6,Neutral,False,0.0,,,2,5
19,19,70,7,Neutral,False,0.0,,,0,3
19,19,71,9,Neutral,False,0.0,,,24,8
19,19,72,3,Neutral,False,0.0,,,0,4
19,19,73,0,Neutral,False,0.0,,,2,5
19,19,74,0,Neutral,False,0.0,,,2,5
19,19,75,4,Neutral,False,0.0,,,5,5
19,19,76,4,Neutral,False,0.0,,,3,5
19,19,77,9,Neutral,False,0.0,,,4,3
19,19,78,7,Banned,True,0,,,13,9
19,19,79,7,Neutral,False,0.0,,,8,2
19,19,80,4,Banned,True,0,,,10,11
19,19,81,4,Neutral,False,0.0,,,2,5
19,19,82,7,Neutral,False,0.0,,,4,3
19,19,83,1,Neutral,False,0.0,,,0,5
19,19,84,6,Neutral,False,0.0,,,0,4
19,19,85,7,Neutral,False,0.0,,,5,0
19,19,86,1,Neutral,False,0.0,,,1,5
19,19,87,8,Neutral,False,0.0,,,0,3
19,19,88,6,Neutral,False,0.0,,,13,10
19,19,89,5,Neutral,False,0.0,,,6,4
19,19,90,1,Neutral,False,0.0,,,0,5
19,19,91,5,Neutral,False,0.0,,,0,3
19,19,92,0,Neutral,False,0.0,,,0,5
19,19,93,4,Neutral,False,0.0,,,1,3
19,19,94,9,Neutral,False,0.0,,,20,8
19,19,95,7,Neutral,False,0.0,,,3,4
19,19,96,8,Banned,True,0,,,18,8
19,19,97,1,Neutral,False,0.0,,,2,4
19,19,98,2,Banned,True,0,0.2562,,13,12
19,19,99,9,Neutral,False,0.0,,,14,3
20,20,0,4,Neutral,False,0.0,,,0,3
20,20,1,8,Neutral,False,0.0,,,9,2
20,20,2,3,Neutral,False,0.0,,,0,4
20,20,3,4,Neutral,False,0.0,,,2,3
20,20,4,2,Banned,True,0,0.2388,,12,12
20,20,5,2,Neutral,False,0.0,,,1,4
20,20,6,7,Neutral,False,0.0,,,2,3
20,20,7,9,Neutral,False,0.0,,,12,2
20,20,8,0,Buyer,False,0.6514,0.2402,,12,12
20,20,9,5,Neutral,False,0.0,,,2,4
20,20,10,8,Neutral,False,0.0,,,2,3
20,20,11,8,Neutral,False,0.0,,,2,3
20,20,12,9,Neutral,False,0.0,,,8,2
20,20,13,0,Neutral,False,0.0,,,1,5
20,20,14,2,Neutral,False,0.0,,,0,5
20,20,15,3,Neutral,False,0.0,,,0,5
20,20,16,9,Neutral,False,0.0,,,3,0
20,20,17,6,Buyer,False,1.5741,0.251,,12,9
20,20,18,9,Neutral,False,0.0,,,19,3
20,20,19,6,Neutral,False,0.0,,,0,3
20,20,20,7,Neutral,False,0.0,,,5,3
20,20,21,3,Neutral,False,0.0,,,0,5
20,20,22,4,Neutral,False,0.0,,,3,4
20,20,23,3,Neutral,False,0.0,,,7,11
20,20,24,5,Neutral,False,0.0,,,12,9
20,20,25,9,Neutral,False,0.0,,,6,2
20,20,26,8,Neutral,False,0.0,,,2,3
20,20,27,6,Neutral,False,0.0,,,6,4
20,20,28,5,Neutral,False,0.0,,,0,4
20,20,29,7,Neutral,False,0.0,,,2,4
20,20,30,2,Neutral,False,0.0,,,0,5
20,20,31,5,Neutral,False,0.0,,,1,5
20,20,32,6,Neutral,False,0.0,,,5,3
20,20,33,7,Neutral,False,0.0,,,4,2
20,20,34,4,Neutral,False,0.0,,,3,4
20,20,35,5,Neutral,False,0.0,,,3,4
20,20,36,2,Neutral,False,0.0,,,0,4
20,20,37,1,Neutral,False,0.0,,,3,5
20,20,38,6,Neutral,False,0.0,,,0,3
20,20,39,5,Neutral,False,0.0,,,0,4
20,20,40,6,Neutral,False,0.0,,,2,4
20,20,41,3,Neutral,False,0.0,,,0,5
20,20,42,2,Neutral,False,0.0,,,1,5
20,20,43,5,Neutral,False,0.0,,,0,4
20,20,44,7,Neutral,False,0.0,,,1,2
20,20,45,0,Neutral,False,0.0,,,3,6
20,20,46,6,Neutral,False,0.0,,,0,4
20,20,47,4,Neutral,False,0.0,,,2,3
20,20,48,3,Banned,True,0,0.2403,,15,12
20,20,49,5,Neutral,False,0.0,,,2,4
20,20,50,5,Neutral,False,0.0,,,0,4
20,20,51,8,Neutral,False,0.0,,,4,3
20,20,52,9,Neutral,False,0.0,,,15,2
20,20,53,0,Neutral,False,0.0,,,0,6
20,20,54,7,Neutral,False,0.0,,,3,2
20,20,55,1,Neutral,False,0.0,,,1,5
20,20,56,3,Neutral,False,0.0,,,0,6
20,20,57,6,Neutral,False,0.0,,,6,3
20,20,58,8,Neutral,False,0.0,,,2,3
20,20,59,1,Neutral,False,0.0,,,1,3
20,20,60,8,Neutral,False,0.0,,,0,1
20,20,61,8,Neutral,False,0.0,,,11,2
20,20,62,5,Neutral,False,0.0,,,3,4
20,20,63,2,Neutral,False,0.0,,,0,5
20,20,64,3,Neutral,False,0.0,,,0,6
20,20,65,0,Neutral,False,0.0,,,0,5
20,20,66,4,Neutral,False,0.0,,,0,4
20,20,67,6,Neutral,False,0.0,,,2,2
20,20,68,4,Neutral,False,0.0,,,2,4
20,20,69,6,Neutral,False,0.0,,,2,5
20,20,70,7,Neutral,False,0.0,,,0,3
20,20,71,9,Buyer,False,2.6663,0.2566,,25,8
20,20,72,3,Neutral,False,0.0,,,0,4
20,20,73,0,Neutral,False,0.0,,,2,5
20,20,74,0,Neutral,False,0.0,,,2,5
20,20,75,4,Neutral,False,0.0,,,5,5
20,20,76,4,Neutral,False,0.0,,,3,5
20,20,77,9,Seller,False,3.0,,0.2248,6,3
20,20,78,7,Neutral,False,0.0,,,13,9
20,20,79,7,Seller,False,3.0,,0.2248,10,2
20,20,80,4,Neutral,False,0.0,,,10,11
20,20,81,4,Neutral,False,0.0,,,2,5
20,20,82,7,Neutral,False,0.0,,,4,3
20,20,83,1,Neutral,False,0.0,,,0,5
20,20,84,6,Neutral,False,0.0,,,0,4
20,20,85,7,Neutral,False,0.0,,,5,0
20,20,86,1,Neutral,False,0.0,,,1,5
20,20,87,8,Neutral,False,0.0,,,0,3
20,20,88,6,Buyer,False,1.7729,0.2517,,15,10
20,20,89,5,Neutral,False,0.0,,,6,4
20,20,90,1,Neutral,False,0.0,,,0,5
20,20,91,5,Neutral,False,0.0,,,0,3
20,20,92,0,Neutral,False,0.0,,,0,5
20,20,93,4,Neutral,False,0.0,,,1,3
20,20,94,9,Buyer,False,2.6561,0.2547,,22,8
20,20,95,7,Neutral,False,0.0,,,3,4
20,20,96,8,Neutral,False,0.0,,,18,8
20,20,97,1,Neutral,False,0.0,,,2,4
20,20,98,2,Banned,True,0,,,13,12
20,20,99,9,Seller,False,2.7444,,0.2248,17,3
21,21,0,4,Neutral,False,0.0,,,0,3
21,21,1,8,Neutral,False,0.0,,,9,2
21,21,2,3,Neutral,False,0.0,,,0,4
21,21,3,4,Neutral,False,0.0,,,2,3
21,21,4,2,Banned,True,0,,,12,12
21,21,5,2,Neutral,False,0.0,,,1,4
21,21,6,7,Neutral,False,0.0,,,2,3
21,21,7,9,Seller,False,3.0,,0.1989,15,2
21,21,8,0,Buyer,False,0.5591,0.2084,,13,12
21,21,9,5,Neutral,False,0.0,,,2,4
21,21,10,8,Neutral,False,0.0,,,2,3
21,21,11,8,Neutral,False,0.0,,,2,3
21,21,12,9,Neutral,False,0.0,,,8,2
21,21,13,0,Neutral,False,0.0,,,1,5
21,21,14,2,Neutral,False,0.0,,,0,5
21,21,15,3,Neutral,False,0.0,,,0,5
21,21,16,9,Neutral,False,0.0,,,3,0
21,21,17,6,Buyer,False,1.5016,0.2181,,13,9
21,21,18,9,Neutral,False,0.0,,,19,3
21,21,19,6,Neutral,False,0.0,,,0,3
21,21,20,7,Seller,False,3.0,,0.1989,8,3
21,21,21,3,Neutral,False,0.0,,,0,5
21,21,22,4,Neutral,False,0.0,,,3,4
21,21,23,3,Buyer,False,0.87,0.2137,,8,11
21,21,24,5,Buyer,False,1.1382,0.2153,,14,9
21,21,25,9,Seller,False,3.0,,0.1989,10,2
21,21,26,8,Neutral,False,0.0,,,2,3
21,21,27,6,Neutral,False,0.0,,,6,4
21,21,28,5,Neutral,False,0.0,,,0,4
21,21,29,7,Seller,False,1.9676,,0.1941,3,4
21,21,30,2,Neutral,False,0.0,,,0,5
21,21,31,5,Neutral,False,0.0,,,1,5
21,21,32,6,Neutral,False,0.0,,,5,3
21,21,33,7,Neutral,False,0.0,,,4,2
21,21,34,4,Neutral,False,0.0,,,3,4
21,21,35,5,Neutral,False,0.0,,,3,4
21,21,36,2,Neutral,False,0.0,,,0,4
21,21,37,1,Neutral,False,0.0,,,3,5
21,21,38,6,Neutral,False,0.0,,,0,3
21,21,39,5,Neutral,False,0.0,,,0,4
21,21,40,6,Neutral,False,0.0,,,2,4
21,21,41,3,Neutral,False,0.0,,,0,5
21,21,42,2,Neutral,False,0.0,,,1,5
21,21,43,5,Neutral,False,0.0,,,0,4
21,21,44,7,Neutral,False,0.0,,,1,2
21,21,45,0,Neutral,False,0.0,,,3,6
21,21,46,6,Neutral,False,0.0,,,0,4
21,21,47,4,Neutral,False,0.0,,,2,3
21,21,48,3,Banned,True,0,,,15,12
21,21,49,5,Neutral,False,0.0,,,2,4
21,21,50,5,Neutral,False,0.0,,,0,4
21,21,51,8,Neutral,False,0.0,,,4,3
21,21,52,9,Neutral,False,0.0,,,15,2
21,21,53,0,Neutral,False,0.0,,,0,6
21,21,54,7,Neutral,False,0.0,,,3,2
21,21,55,1,Neutral,False,0.0,,,1,5
21,21,56,3,Neutral,False,0.0,,,0,6
21,21,57,6,Neutral,False,0.0,,,6,3
21,21,58,8,Neutral,False,0.0,,,2,3
21,21,59,1,Neutral,False,0.0,,,1,3
21,21,60,8,Seller,False,3.0,,0.1977,3,1
21,21,61,8,Neutral,False,0.0,,,11,2
21,21,62,5,Neutral,False,0.0,,,3,4
21,21,63,2,Neutral,False,0.0,,,0,5
21,21,64,3,Neutral,False,0.0,,,0,6
21,21,65,0,Neutral,False,0.0,,,0,5
21,21,66,4,Neutral,False,0.0,,,0,4
21,21,67,6,Neutral,False,0.0,,,2,2
21,21,68,4,Neutral,False,0.0,,,2,4
21,21,69,6,Neutral,False,0.0,,,2,5
21,21,70,7,Neutral,False,0.0,,,0,3
21,21,71,9,Buyer,False,2.2039,0.2236,,27,8
21,21,72,3,Neutral,False,0.0,,,0,4
21,21,73,0,Neutral,False,0.0,,,2,5
21,21,74,0,Neutral,False,0.0,,,2,5
21,21,75,4,Neutral,False,0.0,,,5,5
21,21,76,4,Neutral,False,0.0,,,3,5
21,21,77,9,Neutral,False,0.0,,,6,3
21,21,78,7,Buyer,False,1.7063,0.2191,,15,9
21,21,79,7,Neutral,False,0.0,,,10,2
21,21,80,4,Buyer,False,0.9795,0.2079,,11,12
21,21,81,4,Neutral,False,0.0,,,2,5
21,21,82,7,Neutral,False,0.0,,,4,3
21,21,83,1,Neutral,False,0.0,,,0,5
21,21,84,6,Neutral,False,0.0,,,0,4
21,21,85,7,Neutral,False,0.0,,,5,0
21,21,86,1,Neutral,False,0.0,,,1,5
21,21,87,8,Neutral,False,0.0,,,0,3
21,21,88,6,Buyer,False,1.6724,0.2197,,16,10
21,21,89,5,Neutral,False,0.0,,,6,4
21,21,90,1,Neutral,False,0.0,,,0,5
21,21,91,5,Neutral,False,0.0,,,0,3
21,21,92,0,Neutral,False,0.0,,,0,5
21,21,93,4,Neutral,False,0.0,,,1,3
21,21,94,9,Buyer,False,1.9439,0.2226,,23,8
21,21,95,7,Neutral,False,0.0,,,3,4
21,21,96,8,Buyer,False,1.8817,0.2212,,20,8
21,21,97,1,Neutral,False,0.0,,,2,4
21,21,98,2,Neutral,False,0.0,,,13,12
21,21,99,9,Neutral,False,0.0,,,17,3
22,22,0,4,Neutral,False,0.0,,,0,3
22,22,1,8,Neutral,False,0.0,,,9,2
22,22,2,3,Neutral,False,0.0,,,0,4
22,22,3,4,Neutral,False,0.0,,,2,3
22,22,4,2,Neutral,False,0.0,,,12,12
22,22,5,2,Neutral,False,0.0,,,1,4
22,22,6,7,Neutral,False,0.0,,,2,3
22,22,7,9,Neutral,False,0.0,,,15,2
22,22,8,0,Banned,True,0,0.1722,,14,12
22,22,9,5,Neutral,False,0.0,,,2,4
22,22,10,8,Neutral,False,0.0,,,2,3
22,22,11,8,Neutral,False,0.0,,,2,3
22,22,12,9,Neutral,False,0.0,,,8,2
22,22,13,0,Neutral,False,0.0,,,1,5
22,22,14,2,Neutral,False,0.0,,,0,5
22,22,15,3,Neutral,False,0.0,,,0,5
22,22,16,9,Neutral,False,0.0,,,3,0
22,22,17,6,Buyer,False,1.0452,0.1786,,14,9
22,22,18,9,Neutral,False,0.0,,,19,3
22,22,19,6,Neutral,False,0.0,,,0,3
22,22,20,7,Neutral,False,0.0,,,8,3
22,22,21,3,Neutral,False,0.0,,,0,5
22,22,22,4,Neutral,False,0.0,,,3,4
22,22,23,3,Buyer,False,0.617,0.175,,9,11
22,22,24,5,Buyer,False,0.7726,0.178,,15,9
22,22,25,9,Neutral,False,0.0,,,10,2
22,22,26,8,Neutral,False,0.0,,,2,3
22,22,27,6,Neutral,False,0.0,,,6,4
22,22,28,5,Neutral,False,0.0,,,0,4
22,22,29,7,Neutral,False,0.0,,,3,4
22,22,30,2,Neutral,False,0.0,,,0,5
22,22,31,5,Neutral,False,0.0,,,1,5
22,22,32,6,Neutral,False,0.0,,,5,3
22,22,33,7,Neutral,False,0.0,,,4,2
22,22,34,4,Neutral,False,0.0,,,3,4
22,22,35,5,Neutral,False,0.0,,,3,4
22,22,36,2,Neutral,False,0.0,,,0,4
22,22,37,1,Neutral,False,0.0,,,3,5
22,22,38,6,Neutral,False,0.0,,,0,3
22,22,39,5,Neutral,False,0.0,,,0,4
22,22,40,6,Neutral,False,0.0,,,2,4
22,22,41,3,Neutral,False,0.0,,,0,5
22,22,42,2,Neutral,False,0.0,,,1,5
22,22,43,5,Neutral,False,0.0,,,0,4
22,22,44,7,Neutral,False,0.0,,,1,2
22,22,45,0,Neutral,False,0.0,,,3,6
22,22,46,6,Neutral,False,0.0,,,0,4
22,22,47,4,Neutral,False,0.0,,,2,3
22,22,48,3,Neutral,False,0.0,,,15,12
22,22,49,5,Neutral,False,0.0,,,2,4
22,22,50,5,Neutral,False,0.0,,,0,4
22,22,51,8,Seller,False,1.0282,,0.1568,5,3
22,22,52,9,Neutral,False,0.0,,,15,2
22,22,53,0,Neutral,False,0.0,,,0,6
22,22,54,7,Neutral,False,0.0,,,3,2
22,22,55,1,Neutral,False,0.0,,,1,5
22,22,56,3,Neutral,False,0.0,,,0,6
22,22,57,6,Neutral,False,0.0,,,6,3
22,22,58,8,Neutral,False,0.0,,,2,3
22,22,59,1,Neutral,False,0.0,,,1,3
22,22,60,8,Neutral,False,0.0,,,3,1
22,22,61,8,Neutral,False,0.0,,,11,2
22,22,62,5,Neutral,False,0.0,,,3,4
22,22,63,2,Neutral,False,0.0,,,0,5
22,22,64,3,Neutral,False,0.0,,,0,6
22,22,65,0,Neutral,False,0.0,,,0,5
22,22,66,4,Neutral,False,0.0,,,0,4
22,22,67,6,Neutral,False,0.0,,,2,2
22,22,68,4,Neutral,False,0.0,,,2,4
22,22,69,6,Neutral,False,0.0,,,2,5
22,22,70,7,Seller,False,2.393,,0.166,4,3
22,22,71,9,Buyer,False,1.2984,0.1859,,28,8
22,22,72,3,Neutral,False,0.0,,,0,4
22,22,73,0,Neutral,False,0.0,,,2,5
22,22,74,0,Neutral,False,0.0,,,2,5
22,22,75,4,Neutral,False,0.0,,,5,5
22,22,76,4,Seller,False,2.2852,,0.1625,6,5
22,22,77,9,Neutral,False,0.0,,,6,3
22,22,78,7,Buyer,False,1.1172,0.1826,,16,9
22,22,79,7,Neutral,False,0.0,,,10,2
22,22,80,4,Buyer,False,0.8118,0.1799,,13,12
22,22,81,4,Neutral,False,0.0,,,2,5
22,22,82,7,Seller,False,2.2719,,0.1697,8,3
22,22,83,1,Neutral,False,0.0,,,0,5
22,22,84,6,Neutral,False,0.0,,,0,4
22,22,85,7,Neutral,False,0.0,,,5,0
22,22,86,1,Neutral,False,0.0,,,1,5
22,22,87,8,Neutral,False,0.0,,,0,3
22,22,88,6,Buyer,False,0.9734,0.1769,,18,10
22,22,89,5,Neutral,False,0.0,,,6,4
22,22,90,1,Neutral,False,0.0,,,0,5
22,22,91,5,Neutral,False,0.0,,,0,3
22,22,92,0,Neutral,False,0.0,,,0,5
22,22,93,4,Neutral,False,0.0,,,1,3
22,22,94,9,Buyer,False,1.382,0.1858,,25,8
22,22,95,7,Seller,False,2.3175,,0.1651,6,4
22,22,96,8,Buyer,False,1.3587,0.1869,,22,8
22,22,97,1,Neutral,False,0.0,,,2,4
22,22,98,2,Buyer,False,0.5604,0.173,,14,12
22,22,99,9,Neutral,False,0.0,,,17,3
23,23,0,4,Neutral,False,0.0,,,0,3
23,23,1,8,Neutral,False,0.0,,,9,2
23,23,2,3,Neutral,False,0.0,,,0,4
23,23,3,4,Neutral,False,0.0,,,2,3
23,23,4,2,Buyer,False,0.359,0.1386,,13,12
23,23,5,2,Neutral,False,0.0,,,1,4
23,23,6,7,Neutral,False,0.0,,,2,3
23,23,7,9,Neutral,False,0.0,,,15,2
23,23,8,0,Banned,True,0,,,14,12
23,23,9,5,Neutral,False,0.0,,,2,4
23,23,10,8,Neutral,False,0.0,,,2,3
23,23,11,8,Neutral,False,0.0,,,2,3
23,23,12,9,Neutral,False,0.0,,,8,2
23,23,13,0,Neutral,False,0.0,,,1,5
23,23,14,2,Neutral,False,0.0,,,0,5
23,23,15,3,Neutral,False,0.0,,,0,5
23,23,16,9,Neutral,False,0.0,,,3,0
23,23,17,6,Buyer,False,0.615,0.1372,,15,9
23,23,18,9,Neutral,False,0.0,,,19,3
23,23,19,6,Neutral,False,0.0,,,0,3
23,23,20,7,Neutral,False,0.0,,,8,3
23,23,21,3,Neutral,False,0.0,,,0,5
23,23,22,4,Seller,False,2.0098,,0.1305,8,4
23,23,23,3,Buyer,False,0.3327,0.1361,,10,11
23,23,24,5,Buyer,False,0.5858,0.1385,,17,9
23,23,25,9,Neutral,False,0.0,,,10,2
23,23,26,8,Neutral,False,0.0,,,2,3
23,23,27,6,Neutral,False,0.0,,,6,4
23,23,28,5,Neutral,False,0.0,,,0,4
23,23,29,7,Neutral,False,0.0,,,3,4
23,23,30,2,Neutral,False,0.0,,,0,5
23,23,31,5,Neutral,False,0.0,,,1,5
23,23,32,6,Neutral,False,0.0,,,5,3
23,23,33,7,Neutral,False,0.0,,,4,2
23,23,34,4,Neutral,False,0.0,,,3,4
23,23,35,5,Neutral,False,0.0,,,3,4
23,23,36,2,Neutral,False,0.0,,,0,4
23,23,37,1,Neutral,False,0.0,,,3,5
23,23,38,6,Neutral,False,0.0,,,0,3
23,23,39,5,Neutral,False,0.0,,,0,4
23,23,40,6,Neutral,False,0.0,,,2,4
23,23,41,3,Neutral,False,0.0,,,0,5
23,23,42,2,Neutral,False,0.0,,,1,5
23,23,43,5,Neutral,False,0.0,,,0,4
23,23,44,7,Neutral,False,0.0,,,1,2
23,23,45,0,Neutral,False,0.0,,,3,6
23,23,46,6,Neutral,False,0.0,,,0,4
23,23,47,4,Seller,False,1.9525,,0.1281,6,3
23,23,48,3,Buyer,False,0.4202,0.1351,,16,12
23,23,49,5,Neutral,False,0.0,,,2,4
23,23,50,5,Neutral,False,0.0,,,0,4
23,23,51,8,Neutral,False,0.0,,,5,3
23,23,52,9,Neutral,False,0.0,,,15,2
23,23,53,0,Neutral,False,0.0,,,0,6
23,23,54,7,Neutral,False,0.0,,,3,2
23,23,55,1,Neutral,False,0.0,,,1,5
23,23,56,3,Neutral,False,0.0,,,0,6
23,23,57,6,Neutral,False,0.0,,,6,3
23,23,58,8,Neutral,False,0.0,,,2,3
23,23,59,1,Neutral,False,0.0,,,1,3
23,23,60,8,Neutral,False,0.0,,,3,1
23,23,61,8,Neutral,False,0.0,,,11,2
23,23,62,5,Neutral,False,0.0,,,3,4
23,23,63,2,Neutral,False,0.0,,,0,5
23,23,64,3,Neutral,False,0.0,,,0,6
23,23,65,0,Neutral,False,0.0,,,0,5
23,23,66,4,Seller,False,1.9511,,0.1239,4,4
23,23,67,6,Neutral,False,0.0,,,2,2
23,23,68,4,Neutral,False,0.0,,,2,4
23,23,69,6,Neutral,False,0.0,,,2,5
23,23,70,7,Neutral,False,0.0,,,4,3
23,23,71,9,Buyer,False,0.9928,0.1445,,29,8
23,23,72,3,Neutral,False,0.0,,,0,4
23,23,73,0,Neutral,False,0.0,,,2,5
23,23,74,0,Neutral,False,0.0,,,2,5
23,23,75,4,Neutral,False,0.0,,,5,5
23,23,76,4,Neutral,False,0.0,,,6,5
23,23,77,9,Neutral,False,0.0,,,6,3
23,23,78,7,Buyer,False,0.7183,0.1369,,18,9
23,23,79,7,Neutral,False,0.0,,,10,2
23,23,80,4,Buyer,False,0.4692,0.136,,14,12
23,23,81,4,Neutral,False,0.0,,,2,5
23,23,82,7,Neutral,False,0.0,,,8,3
23,23,83,1,Neutral,False,0.0,,,0,5
23,23,84,6,Neutral,False,0.0,,,0,4
23,23,85,7,Neutral,False,0.0,,,5,0
23,23,86,1,Neutral,False,0.0,,,1,5
23,23,87,8,Neutral,False,0.0,,,0,3
23,23,88,6,Buyer,False,0.6934,0.1375,,19,10
23,23,89,5,Neutral,False,0.0,,,6,4
23,23,90,1,Neutral,False,0.0,,,0,5
23,23,91,5,Neutral,False,0.0,,,0,3
23,23,92,0,Neutral,False,0.0,,,0,5
23,23,93,4,Seller,False,1.2631,,0.1224,3,3
23,23,94,9,Buyer,False,0.8884,0.1424,,27,8
23,23,95,7,Neutral,False,0.0,,,6,4
23,23,96,8,Buyer,False,0.7633,0.1386,,23,8
23,23,97,1,Neutral,False,0.0,,,2,4
23,23,98,2,Buyer,False,0.3383,0.1357,,15,12
23,23,99,9,Neutral,False,0.0,,,17,3
