Timestep,Hour,Prosumer_ID,Bonus_Euro,Penalties_Euro,Is_Banned,Ban_Duration,Ban_Reason
0,0,0,0.005,0.0,False,0,
0,0,1,0.0117,0.0,False,0,
0,0,2,0.005,0.0,False,0,
0,0,3,0.0103,0.0,False,0,
0,0,4,0.0066,0.0,False,0,
0,0,5,0.005,0.0,False,0,
0,0,6,0.0091,0.0,False,0,
0,0,7,0.005,0.0,False,0,
0,0,8,0.005,0.0,False,0,
0,0,9,0.005,0.0,False,0,
0,0,10,0.0115,0.0,False,0,
0,0,11,0.0,0.0065,False,0,
0,0,12,0.0104,0.0,False,0,
0,0,13,0.006,0.0,False,0,
0,0,14,0.0058,0.0,False,0,
0,0,15,0.0089,0.0,False,0,
0,0,16,0.0067,0.0,False,0,
0,0,17,0.0095,0.0,False,0,
0,0,18,0.0089,0.0,False,0,
0,0,19,0.0118,0.0,False,0,
0,0,20,0.011,0.0,False,0,
0,0,21,0.005,0.0,False,0,
0,0,22,0.005,0.0,False,0,
0,0,23,0.0,0.0108,False,0,
0,0,24,0.005,0.0,False,0,
0,0,25,0.0098,0.0,False,0,
0,0,26,0.0,0.0069,False,0,
0,0,27,0.0107,0.0,False,0,
0,0,28,0.0,0.0,False,0,
0,0,29,0.0059,0.0,False,0,
0,0,30,0.0,0.0053,False,0,
0,0,31,0.0,0.0,False,0,
0,0,32,0.0095,0.0,False,0,
0,0,33,0.0093,0.0,False,0,
0,0,34,0.0,0.0,False,0,
0,0,35,0.0092,0.0,False,0,
0,0,36,0.0093,0.0,False,0,
0,0,37,0.0123,0.0,False,0,
0,0,38,0.0079,0.0,False,0,
0,0,39,0.005,0.0,False,0,
0,0,40,0.0,0.0102,False,0,
0,0,41,0.005,0.0,False,0,
0,0,42,0.0104,0.0,False,0,
0,0,43,0.005,0.0,False,0,
0,0,44,0.0119,0.0,False,0,
0,0,45,0.01,0.0,False,0,
0,0,46,0.005,0.0,False,0,
0,0,47,0.0,0.0,False,0,
0,0,48,0.0118,0.0,False,0,
0,0,49,0.005,0.0,False,0,
0,0,50,0.0081,0.0,False,0,
0,0,51,0.0083,0.0,False,0,
0,0,52,0.0117,0.0,False,0,
0,0,53,0.0108,0.0,False,0,
0,0,54,0.0,0.01,False,0,
0,0,55,0.0,0.0089,False,0,
0,0,56,0.005,0.0,False,0,
0,0,57,0.0057,0.0,False,0,
0,0,58,0.0114,0.0,False,0,
0,0,59,0.0,0.0051,False,0,
0,0,60,0.0,0.0133,False,0,
0,0,61,0.0108,0.0,False,0,
0,0,62,0.0,0.0106,False,0,
0,0,63,0.005,0.0,False,0,
0,0,64,0.0116,0.0,False,0,
0,0,65,0.0,0.0136,False,0,
0,0,66,0.005,0.0,False,0,
0,0,67,0.005,0.0,False,0,
0,0,68,0.005,0.0,False,0,
0,0,69,0.0136,0.0,False,0,
0,0,70,0.0,0.0063,False,0,
0,0,71,0.0,0.0105,False,0,
0,0,72,0.0,0.0,False,0,
0,0,73,0.0,0.0,False,0,
0,0,74,0.0,0.0102,False,0,
0,0,75,0.0068,0.0,False,0,
0,0,76,0.005,0.0,False,0,
0,0,77,0.0,0.008,False,0,
0,0,78,0.005,0.0,False,0,
0,0,79,0.005,0.0,False,0,
0,0,80,0.005,0.0,False,0,
0,0,81,0.0114,0.0,False,0,
0,0,82,0.0087,0.0,False,0,
0,0,83,0.005,0.0,False,0,
0,0,84,0.0,0.0,False,0,
0,0,85,0.0072,0.0,False,0,
0,0,86,0.0061,0.0,False,0,
0,0,87,0.0069,0.0,False,0,
0,0,88,0.01,0.0,False,0,
0,0,89,0.005,0.0,False,0,
0,0,90,0.0108,0.0,False,0,
0,0,91,0.0,0.0,False,0,
0,0,92,0.0096,0.0,False,0,
0,0,93,0.0127,0.0,False,0,
0,0,94,0.005,0.0,False,0,
0,0,95,0.0078,0.0,False,0,
0,0,96,0.0079,0.0,False,0,
0,0,97,0.0055,0.0,False,0,
0,0,98,0.0109,0.0,False,0,
0,0,99,0.006,0.0,False,0,
1,1,0,0.015,0.0,False,0,
1,1,1,0.0328,0.0,False,0,
1,1,2,0.015,0.0,False,0,
1,1,3,0.0288,0.0,False,0,
1,1,4,0.0181,0.0,False,0,
1,1,5,0.015,0.0,False,0,
1,1,6,0.0262,0.0,False,0,
1,1,7,0.015,0.0,False,0,
1,1,8,0.015,0.0,False,0,
1,1,9,0.015,0.0,False,0,
1,1,10,0.0339,0.0,False,0,
1,1,11,0.0,0.0131,False,0,
1,1,12,0.0307,0.0,False,0,
1,1,13,0.017,0.0,False,0,
1,1,14,0.0167,0.0,False,0,
1,1,15,0.0258,0.0,False,0,
1,1,16,0.0195,0.0,False,0,
1,1,17,0.0264,0.0,False,0,
1,1,18,0.0249,0.0,False,0,
1,1,19,0.0355,0.0,False,0,
1,1,20,0.0326,0.0,False,0,
1,1,21,0.015,0.0,False,0,
1,1,22,0.015,0.0,False,0,
1,1,23,0.0,0.0291,False,0,
1,1,24,0.015,0.0,False,0,
1,1,25,0.0305,0.0,False,0,
1,1,26,0.0,0.0138,False,0,
1,1,27,0.0299,0.0,False,0,
1,1,28,0.0,0.005,False,0,
1,1,29,0.0168,0.0,False,0,
1,1,30,0.0,0.0106,False,0,
1,1,31,0.0,0.005,False,0,
1,1,32,0.0273,0.0,False,0,
1,1,33,0.027,0.0,False,0,
1,1,34,0.0,0.005,False,0,
1,1,35,0.0267,0.0,False,0,
1,1,36,0.0274,0.0,False,0,
1,1,37,0.0352,0.0,False,0,
1,1,38,0.0222,0.0,False,0,
1,1,39,0.015,0.0,False,0,
1,1,40,0.0,0.0297,False,0,
1,1,41,0.015,0.0,False,0,
1,1,42,0.032,0.0,False,0,
1,1,43,0.015,0.0,False,0,
1,1,44,0.0342,0.0,False,0,
1,1,45,0.0292,0.0,False,0,
1,1,46,0.015,0.0,False,0,
1,1,47,0.0,0.005,False,0,
1,1,48,0.0323,0.0,False,0,
1,1,49,0.015,0.0,False,0,
1,1,50,0.0236,0.0,False,0,
1,1,51,0.0232,0.0,False,0,
1,1,52,0.0349,0.0,False,0,
1,1,53,0.0324,0.0,False,0,
1,1,54,0.0,0.0294,False,0,
1,1,55,0.0,0.0261,False,0,
1,1,56,0.015,0.0,False,0,
1,1,57,0.0167,0.0,False,0,
1,1,58,0.0325,0.0,False,0,
1,1,59,0.0,0.0152,False,0,
1,1,60,0.0,0.0383,False,0,
1,1,61,0.0311,0.0,False,0,
1,1,62,0.0,0.0288,False,0,
1,1,63,0.015,0.0,False,0,
1,1,64,0.0335,0.0,False,0,
1,1,65,0.0,0.0391,False,0,
1,1,66,0.015,0.0,False,0,
1,1,67,0.015,0.0,False,0,
1,1,68,0.015,0.0,False,0,
1,1,69,0.0385,0.0,False,0,
1,1,70,0.0,0.0194,False,0,
1,1,71,0.0,0.0315,False,0,
1,1,72,0.0,0.005,False,0,
1,1,73,0.0,0.0,False,0,
1,1,74,0.0,0.0279,False,0,
1,1,75,0.0208,0.0,False,0,
1,1,76,0.015,0.0,False,0,
1,1,77,0.0,0.0159,False,0,
1,1,78,0.015,0.0,False,0,
1,1,79,0.015,0.0,False,0,
1,1,80,0.015,0.0,False,0,
1,1,81,0.0309,0.0,False,0,
1,1,82,0.0249,0.0,False,0,
1,1,83,0.015,0.0,False,0,
1,1,84,0.0,0.0053,False,0,
1,1,85,0.0219,0.0,False,0,
1,1,86,0.0172,0.0,False,0,
1,1,87,0.0201,0.0,False,0,
1,1,88,0.0294,0.0,False,0,
1,1,89,0.015,0.0,False,0,
1,1,90,0.0329,0.0,False,0,
1,1,91,0.0,0.0058,False,0,
1,1,92,0.0297,0.0,False,0,
1,1,93,0.0365,0.0,False,0,
1,1,94,0.015,0.0,False,0,
1,1,95,0.0219,0.0,False,0,
1,1,96,0.0223,0.0,False,0,
1,1,97,0.0166,0.0,False,0,
1,1,98,0.0316,0.0,False,0,
1,1,99,0.017,0.0,False,0,
2,2,0,0.03,0.0,False,0,
2,2,1,0.0634,0.0,False,0,
2,2,2,0.03,0.0,False,0,
2,2,3,0.0562,0.0,False,0,
2,2,4,0.0352,0.0,False,0,
2,2,5,0.03,0.0,False,0,
2,2,6,0.0516,0.0,False,0,
2,2,7,0.03,0.0,False,0,
2,2,8,0.03,0.0,False,0,
2,2,9,0.03,0.0,False,0,
2,2,10,0.067,0.0,False,0,
2,2,11,0.0,0.0246,False,0,
2,2,12,0.0609,0.0,False,0,
2,2,13,0.0329,0.0,False,0,
2,2,14,0.0327,0.0,False,0,
2,2,15,0.0504,0.0,False,0,
2,2,16,0.0392,0.0,False,0,
2,2,17,0.0507,0.0,False,0,
2,2,18,0.0488,0.0,False,0,
2,2,19,0.0693,0.0,False,0,
2,2,20,0.0642,0.0,False,0,
2,2,21,0.03,0.0,False,0,
2,2,22,0.03,0.0,False,0,
2,2,23,0.0,0.0558,False,0,
2,2,24,0.03,0.0,False,0,
2,2,25,0.0616,0.0,False,0,
2,2,26,0.0,0.0265,False,0,
2,2,27,0.0563,0.0,False,0,
2,2,28,0.0,0.01,False,0,
2,2,29,0.0327,0.0,False,0,
2,2,30,0.0,0.021,False,0,
2,2,31,0.0,0.015,False,0,
2,2,32,0.054,0.0,False,0,
2,2,33,0.0512,0.0,False,0,
2,2,34,0.0,0.01,False,0,
2,2,35,0.0517,0.0,False,0,
2,2,36,0.0543,0.0,False,0,
2,2,37,0.0686,0.0,False,0,
2,2,38,0.0449,0.0,False,0,
2,2,39,0.03,0.0,False,0,
2,2,40,0.0,0.0585,False,0,
2,2,41,0.03,0.0,False,0,
2,2,42,0.0641,0.0,False,0,
2,2,43,0.03,0.0,False,0,
2,2,44,0.0682,0.0,False,0,
2,2,45,0.0561,0.0,False,0,
2,2,46,0.03,0.0,False,0,
2,2,47,0.0,0.015,False,0,
2,2,48,0.0616,0.0,False,0,
2,2,49,0.03,0.0,False,0,
2,2,50,0.0457,0.0,False,0,
2,2,51,0.0434,0.0,False,0,
2,2,52,0.0686,0.0,False,0,
2,2,53,0.064,0.0,False,0,
2,2,54,0.0,0.058,False,0,
2,2,55,0.0,0.0512,False,0,
2,2,56,0.0301,0.0,False,0,
2,2,57,0.0326,0.0,False,0,
2,2,58,0.065,0.0,False,0,
2,2,59,0.0,0.0254,False,0,
2,2,60,0.0,0.0723,False,0,
2,2,61,0.0596,0.0,False,0,
2,2,62,0.0,0.0562,False,0,
2,2,63,0.03,0.0,False,0,
2,2,64,0.0648,0.0,False,0,
2,2,65,0.0,0.0749,False,0,
2,2,66,0.03,0.0,False,0,
2,2,67,0.03,0.0,False,0,
2,2,68,0.03,0.0,False,0,
2,2,69,0.0726,0.0,False,0,
2,2,70,0.0,0.0326,False,0,
2,2,71,0.0,0.0641,False,0,
2,2,72,0.0,0.015,False,0,
2,2,73,0.0,0.0,False,0,
2,2,74,0.0,0.0537,False,0,
2,2,75,0.0413,0.0,False,0,
2,2,76,0.03,0.0,False,0,
2,2,77,0.0,0.0239,False,0,
2,2,78,0.03,0.0,False,0,
2,2,79,0.03,0.0,False,0,
2,2,80,0.03,0.0,False,0,
2,2,81,0.0604,0.0,False,0,
2,2,82,0.0492,0.0,False,0,
2,2,83,0.0301,0.0,False,0,
2,2,84,0.0,0.0163,False,0,
2,2,85,0.043,0.0,False,0,
2,2,86,0.0341,0.0,False,0,
2,2,87,0.0393,0.0,False,0,
2,2,88,0.0566,0.0,False,0,
2,2,89,0.03,0.0,False,0,
2,2,90,0.0664,0.0,False,0,
2,2,91,0.0,0.0116,False,0,
2,2,92,0.0587,0.0,False,0,
2,2,93,0.0702,0.0,False,0,
2,2,94,0.03,0.0,False,0,
2,2,95,0.0429,0.0,False,0,
2,2,96,0.0424,0.0,False,0,
2,2,97,0.0327,0.0,False,0,
2,2,98,0.0625,0.0,False,0,
2,2,99,0.0335,0.0,False,0,
3,3,0,0.05,0.0,False,0,
3,3,1,0.1031,0.0,False,0,
3,3,2,0.05,0.0,False,0,
3,3,3,0.0927,0.0,False,0,
3,3,4,0.0576,0.0,False,0,
3,3,5,0.05,0.0,False,0,
3,3,6,0.0847,0.0,False,0,
3,3,7,0.05,0.0,False,0,
3,3,8,0.05,0.0,False,0,
3,3,9,0.05,0.0,False,0,
3,3,10,0.1095,0.0,False,0,
3,3,11,0.0,0.0421,False,0,
3,3,12,0.1005,0.0,False,0,
3,3,13,0.0539,0.0,False,0,
3,3,14,0.0545,0.0,False,0,
3,3,15,0.0827,0.0,False,0,
3,3,16,0.0645,0.0,False,0,
3,3,17,0.0823,0.0,False,0,
3,3,18,0.0793,0.0,False,0,
3,3,19,0.1139,0.0,False,0,
3,3,20,0.1073,0.0,False,0,
3,3,21,0.05,0.0,False,0,
3,3,22,0.05,0.0,False,0,
3,3,23,0.0,0.0916,False,0,
3,3,24,0.05,0.0,False,0,
3,3,25,0.1024,0.0,False,0,
3,3,26,0.0,0.0393,False,0,
3,3,27,0.0916,0.0,False,0,
3,3,28,0.0,0.02,False,0,
3,3,29,0.0542,0.0,False,0,
3,3,30,0.0,0.0313,False,0,
3,3,31,0.0,0.025,False,0,
3,3,32,0.0903,0.0,False,0,
3,3,33,0.0826,0.0,False,0,
3,3,34,0.0,0.02,False,0,
3,3,35,0.0835,0.0,False,0,
3,3,36,0.0902,0.0,False,0,
3,3,37,0.1116,0.0,False,0,
3,3,38,0.0753,0.0,False,0,
3,3,39,0.05,0.0,False,0,
3,3,40,0.0,0.0959,False,0,
3,3,41,0.05,0.0,False,0,
3,3,42,0.107,0.0,False,0,
3,3,43,0.05,0.0,False,0,
3,3,44,0.1115,0.0,False,0,
3,3,45,0.0924,0.0,False,0,
3,3,46,0.05,0.0,False,0,
3,3,47,0.0,0.03,False,0,
3,3,48,0.1016,0.0,False,0,
3,3,49,0.05,0.0,False,0,
3,3,50,0.076,0.0,False,0,
3,3,51,0.0699,0.0,False,0,
3,3,52,0.1127,0.0,False,0,
3,3,53,0.1057,0.0,False,0,
3,3,54,0.0,0.0944,False,0,
3,3,55,0.0,0.0835,False,0,
3,3,56,0.0502,0.0,False,0,
3,3,57,0.0538,0.0,False,0,
3,3,58,0.1082,0.0,False,0,
3,3,59,0.0,0.0355,False,0,
3,3,60,0.0,0.1168,False,0,
3,3,61,0.0974,0.0,False,0,
3,3,62,0.0,0.0928,False,0,
3,3,63,0.05,0.0,False,0,
3,3,64,0.1065,0.0,False,0,
3,3,65,0.0,0.1224,False,0,
3,3,66,0.05,0.0,False,0,
3,3,67,0.05,0.0,False,0,
3,3,68,0.05,0.0,False,0,
3,3,69,0.1169,0.0,False,0,
3,3,70,0.0,0.0457,False,0,
3,3,71,0.0,0.1077,False,0,
3,3,72,0.0,0.03,False,0,
3,3,73,0.0,0.0,False,0,
3,3,74,0.0,0.0871,False,0,
3,3,75,0.069,0.0,False,0,
3,3,76,0.05,0.0,False,0,
3,3,77,0.0,0.0319,False,0,
3,3,78,0.05,0.0,False,0,
3,3,79,0.05,0.0,False,0,
3,3,80,0.05,0.0,False,0,
3,3,81,0.1,0.0,False,0,
3,3,82,0.0812,0.0,False,0,
3,3,83,0.0502,0.0,False,0,
3,3,84,0.0,0.0272,False,0,
3,3,85,0.0705,0.0,False,0,
3,3,86,0.0569,0.0,False,0,
3,3,87,0.0653,0.0,False,0,
3,3,88,0.0924,0.0,False,0,
3,3,89,0.05,0.0,False,0,
3,3,90,0.1092,0.0,False,0,
3,3,91,0.0,0.0226,False,0,
3,3,92,0.0983,0.0,False,0,
3,3,93,0.1139,0.0,False,0,
3,3,94,0.05,0.0,False,0,
3,3,95,0.0713,0.0,False,0,
3,3,96,0.069,0.0,False,0,
3,3,97,0.0546,0.0,False,0,
3,3,98,0.1038,0.0,False,0,
3,3,99,0.0555,0.0,False,0,
4,4,0,0.075,0.0,False,0,
4,4,1,0.1547,0.0,False,0,
4,4,2,0.075,0.0,False,0,
4,4,3,0.1414,0.0,False,0,
4,4,4,0.0867,0.0,False,0,
4,4,5,0.075,0.0,False,0,
4,4,6,0.1254,0.0,False,0,
4,4,7,0.075,0.0,False,0,
4,4,8,0.075,0.0,False,0,
4,4,9,0.075,0.0,False,0,
4,4,10,0.164,0.0,False,0,
4,4,11,0.0,0.0658,False,0,
4,4,12,0.1501,0.0,False,0,
4,4,13,0.0799,0.0,False,0,
4,4,14,0.0816,0.0,False,0,
4,4,15,0.1258,0.0,False,0,
4,4,16,0.0964,0.0,False,0,
4,4,17,0.1241,0.0,False,0,
4,4,18,0.1172,0.0,False,0,
4,4,19,0.1691,0.0,False,0,
4,4,20,0.161,0.0,False,0,
4,4,21,0.075,0.0,False,0,
4,4,22,0.075,0.0,False,0,
4,4,23,0.0,0.1361,False,0,
4,4,24,0.075,0.0,False,0,
4,4,25,0.1548,0.0,False,0,
4,4,26,0.0,0.0521,False,0,
4,4,27,0.1367,0.0,False,0,
4,4,28,0.0,0.03,False,0,
4,4,29,0.0819,0.0,False,0,
4,4,30,0.0,0.0416,False,0,
4,4,31,0.0,0.035,False,0,
4,4,32,0.1355,0.0,False,0,
4,4,33,0.123,0.0,False,0,
4,4,34,0.0,0.03,False,0,
4,4,35,0.1228,0.0,False,0,
4,4,36,0.1378,0.0,False,0,
4,4,37,0.1655,0.0,False,0,
4,4,38,0.1135,0.0,False,0,
4,4,39,0.075,0.0,False,0,
4,4,40,0.0,0.1431,False,0,
4,4,41,0.075,0.0,False,0,
4,4,42,0.1632,0.0,False,0,
4,4,43,0.075,0.0,False,0,
4,4,44,0.1654,0.0,False,0,
4,4,45,0.1372,0.0,False,0,
4,4,46,0.075,0.0,False,0,
4,4,47,0.0,0.045,False,0,
4,4,48,0.1508,0.0,False,0,
4,4,49,0.075,0.0,False,0,
4,4,50,0.1145,0.0,False,0,
4,4,51,0.1035,0.0,False,0,
4,4,52,0.1693,0.0,False,0,
4,4,53,0.1588,0.0,False,0,
4,4,54,0.0,0.1344,False,0,
4,4,55,0.0,0.123,False,0,
4,4,56,0.0756,0.0,False,0,
4,4,57,0.0799,0.0,False,0,
4,4,58,0.1623,0.0,False,0,
4,4,59,0.0,0.0507,False,0,
4,4,60,0.0,0.1743,False,0,
4,4,61,0.146,0.0,False,0,
4,4,62,0.0,0.1294,False,0,
4,4,63,0.075,0.0,False,0,
4,4,64,0.1578,0.0,False,0,
4,4,65,0.0,0.1835,False,0,
4,4,66,0.076,0.0,False,0,
4,4,67,0.075,0.0,False,0,
4,4,68,0.075,0.0,False,0,
4,4,69,0.1732,0.0,False,0,
4,4,70,0.0,0.0666,False,0,
4,4,71,0.0,0.1642,False,0,
4,4,72,0.0,0.05,False,0,
4,4,73,0.0,0.0,False,0,
4,4,74,0.0,0.13,False,0,
4,4,75,0.1044,0.0,False,0,
4,4,76,0.075,0.0,False,0,
4,4,77,0.0,0.0399,False,0,
4,4,78,0.075,0.0,False,0,
4,4,79,0.075,0.0,False,0,
4,4,80,0.075,0.0,False,0,
4,4,81,0.1507,0.0,False,0,
4,4,82,0.122,0.0,False,0,
4,4,83,0.0762,0.0,False,0,
4,4,84,0.0,0.0382,False,0,
4,4,85,0.1062,0.0,False,0,
4,4,86,0.0863,0.0,False,0,
4,4,87,0.0993,0.0,False,0,
4,4,88,0.1366,0.0,False,0,
4,4,89,0.075,0.0,False,0,
4,4,90,0.1632,0.0,False,0,
4,4,91,0.0,0.0336,False,0,
4,4,92,0.1496,0.0,False,0,
4,4,93,0.1681,0.0,False,0,
4,4,94,0.075,0.0,False,0,
4,4,95,0.1085,0.0,False,0,
4,4,96,0.1038,0.0,False,0,
4,4,97,0.0816,0.0,False,0,
4,4,98,0.1545,0.0,False,0,
4,4,99,0.0841,0.0,False,0,
5,5,0,0.1055,0.0,False,0,
5,5,1,0.2212,0.0,False,0,
5,5,2,0.1061,0.0,False,0,
5,5,3,0.2055,0.0,False,0,
5,5,4,0.1247,0.0,False,0,
5,5,5,0.107,0.0,False,0,
5,5,6,0.1793,0.0,False,0,
5,5,7,0.1051,0.0,False,0,
5,5,8,0.107,0.0,False,0,
5,5,9,0.105,0.0,False,0,
5,5,10,0.2382,0.0,False,0,
5,5,11,0.0,0.0895,False,0,
5,5,12,0.2181,0.0,False,0,
5,5,13,0.1127,0.0,False,0,
5,5,14,0.1179,0.0,False,0,
5,5,15,0.1838,0.0,False,0,
5,5,16,0.1377,0.0,False,0,
5,5,17,0.1801,0.0,False,0,
5,5,18,0.1677,0.0,False,0,
5,5,19,0.2409,0.0,False,0,
5,5,20,0.233,0.0,False,0,
5,5,21,0.1065,0.0,False,0,
5,5,22,0.105,0.0,False,0,
5,5,23,0.0,0.1806,False,0,
5,5,24,0.1062,0.0,False,0,
5,5,25,0.2246,0.0,False,0,
5,5,26,0.0,0.0648,False,0,
5,5,27,0.1961,0.0,False,0,
5,5,28,0.0,0.04,False,0,
5,5,29,0.1181,0.0,False,0,
5,5,30,0.0,0.0519,False,0,
5,5,31,0.0,0.045,False,0,
5,5,32,0.1972,0.0,False,0,
5,5,33,0.1773,0.0,False,0,
5,5,34,0.0,0.04,False,0,
5,5,35,0.1754,0.0,False,0,
5,5,36,0.2021,0.0,False,0,
5,5,37,0.2363,0.0,False,0,
5,5,38,0.1638,0.0,False,0,
5,5,39,0.1055,0.0,False,0,
5,5,40,0.0,0.1902,False,0,
5,5,41,0.106,0.0,False,0,
5,5,42,0.239,0.0,False,0,
5,5,43,0.1072,0.0,False,0,
5,5,44,0.2368,0.0,False,0,
5,5,45,0.1981,0.0,False,0,
5,5,46,0.1056,0.0,False,0,
5,5,47,0.0,0.06,False,0,
5,5,48,0.2186,0.0,False,0,
5,5,49,0.106,0.0,False,0,
5,5,50,0.165,0.0,False,0,
5,5,51,0.147,0.0,False,0,
5,5,52,0.2462,0.0,False,0,
5,5,53,0.2322,0.0,False,0,
5,5,54,0.0,0.1744,False,0,
5,5,55,0.0,0.1626,False,0,
5,5,56,0.1084,0.0,False,0,
5,5,57,0.1127,0.0,False,0,
5,5,58,0.2357,0.0,False,0,
5,5,59,0.0,0.066,False,0,
5,5,60,0.0,0.2477,False,0,
5,5,61,0.2121,0.0,False,0,
5,5,62,0.0,0.1807,False,0,
5,5,63,0.105,0.0,False,0,
5,5,64,0.2245,0.0,False,0,
5,5,65,0.0,0.2606,False,0,
5,5,66,0.1109,0.0,False,0,
5,5,67,0.1059,0.0,False,0,
5,5,68,0.1088,0.0,False,0,
5,5,69,0.2485,0.0,False,0,
5,5,70,0.0,0.0874,False,0,
5,5,71,0.0,0.24,False,0,
5,5,72,0.0,0.07,False,0,
5,5,73,0.0,0.0,False,0,
5,5,74,0.0,0.1857,False,0,
5,5,75,0.1509,0.0,False,0,
5,5,76,0.1062,0.0,False,0,
5,5,77,0.0,0.0487,False,0,
5,5,78,0.105,0.0,False,0,
5,5,79,0.105,0.0,False,0,
5,5,80,0.105,0.0,False,0,
5,5,81,0.218,0.0,False,0,
5,5,82,0.1771,0.0,False,0,
5,5,83,0.1094,0.0,False,0,
5,5,84,0.0,0.0491,False,0,
5,5,85,0.1563,0.0,False,0,
5,5,86,0.1243,0.0,False,0,
5,5,87,0.1444,0.0,False,0,
5,5,88,0.196,0.0,False,0,
5,5,89,0.1068,0.0,False,0,
5,5,90,0.2326,0.0,False,0,
5,5,91,0.0,0.0447,False,0,
5,5,92,0.2155,0.0,False,0,
5,5,93,0.2383,0.0,False,0,
5,5,94,0.105,0.0,False,0,
5,5,95,0.1596,0.0,False,0,
5,5,96,0.1497,0.0,False,0,
5,5,97,0.1166,0.0,False,0,
5,5,98,0.2203,0.0,False,0,
5,5,99,0.1206,0.0,False,0,
6,6,0,0.1463,0.0,False,0,
6,6,1,0.3188,0.0,False,0,
6,6,2,0.1459,0.0,False,0,
6,6,3,0.3009,0.0,False,0,
6,6,4,0.1811,0.0,False,0,
6,6,5,0.151,0.0,False,0,
6,6,6,0.2555,0.0,False,0,
6,6,7,0.1446,0.0,False,0,
6,6,8,0.1503,0.0,False,0,
6,6,9,0.143,0.0,False,0,
6,6,10,0.3427,0.0,False,0,
6,6,11,0.0,0.1133,False,0,
6,6,12,0.3127,0.0,False,0,
6,6,13,0.1611,0.0,False,0,
6,6,14,0.171,0.0,False,0,
6,6,15,0.2721,0.0,False,0,
6,6,16,0.2017,0.0,False,0,
6,6,17,0.2645,0.0,False,0,
6,6,18,0.2382,0.0,False,0,
6,6,19,0.3446,0.0,False,0,
6,6,20,0.3368,0.0,False,0,
6,6,21,0.1502,0.0,False,0,
6,6,22,0.1425,0.0,False,0,
6,6,23,0.0,0.2544,False,0,
6,6,24,0.1506,0.0,False,0,
6,6,25,0.3248,0.0,False,0,
6,6,26,0.0,0.0776,False,0,
6,6,27,0.2783,0.0,False,0,
6,6,28,0.0,0.05,False,0,
6,6,29,0.1725,0.0,False,0,
6,6,30,0.0,0.0623,False,0,
6,6,31,0.0,0.055,False,0,
6,6,32,0.2859,0.0,False,0,
6,6,33,0.2534,0.0,False,0,
6,6,34,0.0,0.05,False,0,
6,6,35,0.2493,0.0,False,0,
6,6,36,0.2955,0.0,False,0,
6,6,37,0.3359,0.0,False,0,
6,6,38,0.2358,0.0,False,0,
6,6,39,0.1452,0.0,False,0,
6,6,40,0.0,0.2374,False,0,
6,6,41,0.1495,0.0,False,0,
6,6,42,0.3525,0.0,False,0,
6,6,43,0.153,0.0,False,0,
6,6,44,0.3396,0.0,False,0,
6,6,45,0.284,0.0,False,0,
6,6,46,0.147,0.0,False,0,
6,6,47,0.0,0.075,False,0,
6,6,48,0.3138,0.0,False,0,
6,6,49,0.1474,0.0,False,0,
6,6,50,0.2395,0.0,False,0,
6,6,51,0.2078,0.0,False,0,
6,6,52,0.3535,0.0,False,0,
6,6,53,0.3339,0.0,False,0,
6,6,54,0.0,0.2143,False,0,
6,6,55,0.0,0.2022,False,0,
6,6,56,0.156,0.0,False,0,
6,6,57,0.1592,0.0,False,0,
6,6,58,0.3395,0.0,False,0,
6,6,59,0.0,0.0813,False,0,
6,6,60,0.0,0.3508,False,0,
6,6,61,0.3047,0.0,False,0,
6,6,62,0.0,0.2319,False,0,
6,6,63,0.143,0.0,False,0,
6,6,64,0.3211,0.0,False,0,
6,6,65,0.0,0.3378,False,0,
6,6,66,0.1607,0.0,False,0,
6,6,67,0.1465,0.0,False,0,
6,6,68,0.1563,0.0,False,0,
6,6,69,0.3553,0.0,False,0,
6,6,70,0.0,0.1083,False,0,
6,6,71,0.0,0.3516,False,0,
6,6,72,0.0,0.09,False,0,
6,6,73,0.0,0.0,False,0,
6,6,74,0.0,0.2414,False,0,
6,6,75,0.2164,0.0,False,0,
6,6,76,0.1486,0.0,False,0,
6,6,77,0.0,0.0576,False,0,
6,6,78,0.143,0.0,False,0,
6,6,79,0.1425,0.0,False,0,
6,6,80,0.1424,0.0,False,0,
6,6,81,0.3149,0.0,False,0,
6,6,82,0.2578,0.0,False,0,
6,6,83,0.1568,0.0,False,0,
6,6,84,0.0,0.0601,False,0,
6,6,85,0.2313,0.0,False,0,
6,6,86,0.1777,0.0,False,0,
6,6,87,0.2074,0.0,False,0,
6,6,88,0.2783,0.0,False,0,
6,6,89,0.1493,0.0,False,0,
6,6,90,0.3392,0.0,False,0,
6,6,91,0.0,0.0557,False,0,
6,6,92,0.3066,0.0,False,0,
6,6,93,0.3408,0.0,False,0,
6,6,94,0.1427,0.0,False,0,
6,6,95,0.2311,0.0,False,0,
6,6,96,0.2154,0.0,False,0,
6,6,97,0.167,0.0,False,0,
6,6,98,0.3129,0.0,False,0,
6,6,99,0.1749,0.0,False,0,
7,7,0,0.1982,0.0,False,0,
7,7,1,0.4514,0.0,False,0,
7,7,2,0.1989,0.0,False,0,
7,7,3,0.4238,0.0,False,0,
7,7,4,0.2565,0.0,False,0,
7,7,5,0.2105,0.0,False,0,
7,7,6,0.3627,0.0,False,0,
7,7,7,0.1984,0.0,False,0,
7,7,8,0.2093,0.0,False,0,
7,7,9,0.1914,0.0,False,0,
7,7,10,0.4904,0.0,False,0,
7,7,11,0.0123,0.137,False,0,
7,7,12,0.4486,0.0,False,0,
7,7,13,0.2285,0.0,False,0,
7,7,14,0.2448,0.0,False,0,
7,7,15,0.3922,0.0,False,0,
7,7,16,0.2889,0.0,False,0,
7,7,17,0.3802,0.0,False,0,
7,7,18,0.3379,0.0,False,0,
7,7,19,0.4763,0.0,False,0,
7,7,20,0.4669,0.0,False,0,
7,7,21,0.2071,0.0,False,0,
7,7,22,0.1894,0.0,False,0,
7,7,23,0.0165,0.3281,False,0,
7,7,24,0.2108,0.0,False,0,
7,7,25,0.4582,0.0,False,0,
7,7,26,0.0138,0.0903,False,0,
7,7,27,0.3963,0.0,False,0,
7,7,28,0.0094,0.06,False,0,
7,7,29,0.2508,0.0,False,0,
7,7,30,0.0129,0.0726,False,0,
7,7,31,0.0101,0.065,False,0,
7,7,32,0.4079,0.0,False,0,
7,7,33,0.3599,0.0,False,0,
7,7,34,0.0118,0.06,False,0,
7,7,35,0.3538,0.0,False,0,
7,7,36,0.4273,0.0,False,0,
7,7,37,0.4744,0.0,False,0,
7,7,38,0.3412,0.0,False,0,
7,7,39,0.1983,0.0,False,0,
7,7,40,0.0196,0.2846,False,0,
7,7,41,0.2067,0.0,False,0,
7,7,42,0.5073,0.0,False,0,
7,7,43,0.2129,0.0,False,0,
7,7,44,0.4691,0.0,False,0,
7,7,45,0.4075,0.0,False,0,
7,7,46,0.1994,0.0,False,0,
7,7,47,0.0144,0.09,False,0,
7,7,48,0.4447,0.0,False,0,
7,7,49,0.202,0.0,False,0,
7,7,50,0.3434,0.0,False,0,
7,7,51,0.296,0.0,False,0,
7,7,52,0.4866,0.0,False,0,
7,7,53,0.4806,0.0,False,0,
7,7,54,0.014,0.2543,False,0,
7,7,55,0.024,0.2418,False,0,
7,7,56,0.2195,0.0,False,0,
7,7,57,0.2253,0.0,False,0,
7,7,58,0.482,0.0,False,0,
7,7,59,0.0161,0.0965,False,0,
7,7,60,0.029,0.4539,False,0,
7,7,61,0.4303,0.0,False,0,
7,7,62,0.0256,0.2831,False,0,
7,7,63,0.1903,0.0,False,0,
7,7,64,0.4589,0.0,False,0,
7,7,65,0.0209,0.4149,False,0,
7,7,66,0.2293,0.0,False,0,
7,7,67,0.201,0.0,False,0,
7,7,68,0.2224,0.0,False,0,
7,7,69,0.503,0.0,False,0,
7,7,70,0.0118,0.1292,False,0,
7,7,71,0.0239,0.4632,False,0,
7,7,72,0.0105,0.11,False,0,
7,7,73,0.0099,0.0,False,0,
7,7,74,0.0141,0.297,False,0,
7,7,75,0.3085,0.0,False,0,
7,7,76,0.2042,0.0,False,0,
7,7,77,0.0166,0.0664,False,0,
7,7,78,0.1868,0.0,False,0,
7,7,79,0.1887,0.0,False,0,
7,7,80,0.1864,0.0,False,0,
7,7,81,0.4476,0.0,False,0,
7,7,82,0.3675,0.0,False,0,
7,7,83,0.223,0.0,False,0,
7,7,84,0.0137,0.0711,False,0,
7,7,85,0.336,0.0,False,0,
7,7,86,0.2539,0.0,False,0,
7,7,87,0.2921,0.0,False,0,
7,7,88,0.3965,0.0,False,0,
7,7,89,0.208,0.0,False,0,
7,7,90,0.4892,0.0,False,0,
7,7,91,0.0159,0.0668,False,0,
7,7,92,0.4339,0.0,False,0,
7,7,93,0.4843,0.0,False,0,
7,7,94,0.1869,0.0,False,0,
7,7,95,0.3352,0.0,False,0,
7,7,96,0.3095,0.0,False,0,
7,7,97,0.2388,0.0,False,0,
7,7,98,0.4474,0.0,False,0,
7,7,99,0.2517,0.0,False,0,
8,8,0,0.2603,0.0,False,0,
8,8,1,0.6182,0.0,False,0,
8,8,2,0.2624,0.0,False,0,
8,8,3,0.5743,0.0,False,0,
8,8,4,0.3501,0.0,False,0,
8,8,5,0.285,0.0,False,0,
8,8,6,0.496,0.0,False,0,
8,8,7,0.2641,0.0,False,0,
8,8,8,0.2822,0.0,False,0,
8,8,9,0.2478,0.0,False,0,
8,8,10,0.6697,0.0,False,0,
8,8,11,0.0425,0.1805,False,0,
8,8,12,0.6159,0.0,False,0,
8,8,13,0.3125,0.0,False,0,
8,8,14,0.3391,0.0,False,0,
8,8,15,0.5405,0.0,False,0,
8,8,16,0.396,0.0,False,0,
8,8,17,0.5238,0.0,False,0,
8,8,18,0.4664,0.0,False,0,
8,8,19,0.6488,0.0,False,0,
8,8,20,0.6366,0.0,False,0,
8,8,21,0.279,0.0,False,0,
8,8,22,0.2448,0.0,False,0,
8,8,23,0.0608,0.4019,False,0,
8,8,24,0.2848,0.0,False,0,
8,8,25,0.6192,0.0,False,0,
8,8,26,0.0461,0.1103,False,0,
8,8,27,0.5427,0.0,False,0,
8,8,28,0.028,0.0793,False,0,
8,8,29,0.3468,0.0,False,0,
8,8,30,0.0406,0.0952,False,0,
8,8,31,0.0335,0.0918,False,0,
8,8,32,0.5621,0.0,False,0,
8,8,33,0.4903,0.0,False,0,
8,8,34,0.0336,0.084,False,0,
8,8,35,0.487,0.0,False,0,
8,8,36,0.5875,0.0,False,0,
8,8,37,0.646,0.0,False,0,
8,8,38,0.4716,0.0,False,0,
8,8,39,0.2612,0.0,False,0,
8,8,40,0.0642,0.3464,False,0,
8,8,41,0.2773,0.0,False,0,
8,8,42,0.6958,0.0,False,0,
8,8,43,0.2879,0.0,False,0,
8,8,44,0.6335,0.0,False,0,
8,8,45,0.5602,0.0,False,0,
8,8,46,0.262,0.0,False,0,
8,8,47,0.0461,0.1148,False,0,
8,8,48,0.606,0.0,False,0,
8,8,49,0.27,0.0,False,0,
8,8,50,0.4691,0.0,False,0,
8,8,51,0.4072,0.0,False,0,
8,8,52,0.656,0.0,False,0,
8,8,53,0.6627,0.0,False,0,
8,8,54,0.0597,0.2943,False,0,
8,8,55,0.073,0.3001,False,0,
8,8,56,0.2994,0.0,False,0,
8,8,57,0.3062,0.0,False,0,
8,8,58,0.663,0.0,False,0,
8,8,59,0.0496,0.1165,False,0,
8,8,60,0.0887,0.5742,False,0,
8,8,61,0.5917,0.0,False,0,
8,8,62,0.0796,0.3392,False,0,
8,8,63,0.2459,0.0,False,0,
8,8,64,0.6264,0.0,False,0,
8,8,65,0.0738,0.4921,False,0,
8,8,66,0.3128,0.0,False,0,
8,8,67,0.2654,0.0,False,0,
8,8,68,0.3021,0.0,False,0,
8,8,69,0.6889,0.0,False,0,
8,8,70,0.0452,0.1505,False,0,
8,8,71,0.0787,0.5749,False,0,
8,8,72,0.0337,0.1317,False,0,
8,8,73,0.028,0.0116,False,0,
8,8,74,0.0601,0.363,False,0,
8,8,75,0.4233,0.0,False,0,
8,8,76,0.2704,0.0,False,0,
8,8,77,0.0527,0.0983,False,0,
8,8,78,0.2396,0.0,False,0,
8,8,79,0.2443,0.0,False,0,
8,8,80,0.2381,0.0,False,0,
8,8,81,0.6167,0.0,False,0,
8,8,82,0.5013,0.0,False,0,
8,8,83,0.3032,0.0,False,0,
8,8,84,0.0444,0.0925,False,0,
8,8,85,0.4638,0.0,False,0,
8,8,86,0.3491,0.0,False,0,
8,8,87,0.3963,0.0,False,0,
8,8,88,0.5417,0.0,False,0,
8,8,89,0.2805,0.0,False,0,
8,8,90,0.6749,0.0,False,0,
8,8,91,0.0513,0.0852,False,0,
8,8,92,0.5926,0.0,False,0,
8,8,93,0.663,0.0,False,0,
8,8,94,0.2407,0.0,False,0,
8,8,95,0.467,0.0,False,0,
8,8,96,0.4243,0.0,False,0,
8,8,97,0.3302,0.0,False,0,
8,8,98,0.6182,0.0,False,0,
8,8,99,0.344,0.0,False,0,
9,9,0,0.3304,0.0,False,0,
9,9,1,0.8119,0.0,False,0,
9,9,2,0.3347,0.0,False,0,
9,9,3,0.7488,0.0,False,0,
9,9,4,0.458,0.0,False,0,
9,9,5,0.3709,0.0,False,0,
9,9,6,0.6483,0.0,False,0,
9,9,7,0.3367,0.0,False,0,
9,9,8,0.3646,0.0,False,0,
9,9,9,0.3108,0.0,False,0,
9,9,10,0.879,0.0,False,0,
9,9,11,0.088,0.2474,False,0,
9,9,12,0.8103,0.0,False,0,
9,9,13,0.4093,0.0,False,0,
9,9,14,0.4468,0.0,False,0,
9,9,15,0.7126,0.0,False,0,
9,9,16,0.521,0.0,False,0,
9,9,17,0.6896,0.0,False,0,
9,9,18,0.6119,0.0,False,0,
9,9,19,0.8502,0.0,False,0,
9,9,20,0.8319,0.0,False,0,
9,9,21,0.3623,0.0,False,0,
9,9,22,0.3058,0.0,False,0,
9,9,23,0.1256,0.5096,False,0,
9,9,24,0.3678,0.0,False,0,
9,9,25,0.8024,0.0,False,0,
9,9,26,0.0909,0.1485,False,0,
9,9,27,0.7079,0.0,False,0,
9,9,28,0.0537,0.1154,False,0,
9,9,29,0.4578,0.0,False,0,
9,9,30,0.079,0.1456,False,0,
9,9,31,0.0674,0.1378,False,0,
9,9,32,0.7363,0.0,False,0,
9,9,33,0.6398,0.0,False,0,
9,9,34,0.0633,0.1218,False,0,
9,9,35,0.6391,0.0,False,0,
9,9,36,0.7728,0.0,False,0,
9,9,37,0.8447,0.0,False,0,
9,9,38,0.6221,0.0,False,0,
9,9,39,0.3324,0.0,False,0,
9,9,40,0.132,0.4464,False,0,
9,9,41,0.3575,0.0,False,0,
9,9,42,0.9078,0.0,False,0,
9,9,43,0.3734,0.0,False,0,
9,9,44,0.8236,0.0,False,0,
9,9,45,0.7335,0.0,False,0,
9,9,46,0.3324,0.0,False,0,
9,9,47,0.0884,0.1686,False,0,
9,9,48,0.7941,0.0,False,0,
9,9,49,0.3486,0.0,False,0,
9,9,50,0.6126,0.0,False,0,
9,9,51,0.5329,0.0,False,0,
9,9,52,0.8488,0.0,False,0,
9,9,53,0.8681,0.0,False,0,
9,9,54,0.1259,0.37,False,0,
9,9,55,0.1405,0.3975,False,0,
9,9,56,0.3896,0.0,False,0,
9,9,57,0.3996,0.0,False,0,
9,9,58,0.8669,0.0,False,0,
9,9,59,0.0932,0.1597,False,0,
9,9,60,0.1761,0.738,False,0,
9,9,61,0.7769,0.0,False,0,
9,9,62,0.1559,0.4378,False,0,
9,9,63,0.3077,0.0,False,0,
9,9,64,0.8148,0.0,False,0,
9,9,65,0.1552,0.6085,False,0,
9,9,66,0.4092,0.0,False,0,
9,9,67,0.3386,0.0,False,0,
9,9,68,0.3941,0.0,False,0,
9,9,69,0.8987,0.0,False,0,
9,9,70,0.0955,0.2002,False,0,
9,9,71,0.1632,0.7083,False,0,
9,9,72,0.0669,0.178,False,0,
9,9,73,0.0531,0.0408,False,0,
9,9,74,0.1279,0.4754,False,0,
9,9,75,0.5548,0.0,False,0,
9,9,76,0.3449,0.0,False,0,
9,9,77,0.1062,0.1694,False,0,
9,9,78,0.2992,0.0,False,0,
9,9,79,0.306,0.0,False,0,
9,9,80,0.2956,0.0,False,0,
9,9,81,0.8126,0.0,False,0,
9,9,82,0.6518,0.0,False,0,
9,9,83,0.3954,0.0,False,0,
9,9,84,0.0904,0.1445,False,0,
9,9,85,0.6092,0.0,False,0,
9,9,86,0.4568,0.0,False,0,
9,9,87,0.5145,0.0,False,0,
9,9,88,0.709,0.0,False,0,
9,9,89,0.3625,0.0,False,0,
9,9,90,0.8855,0.0,False,0,
9,9,91,0.1002,0.134,False,0,
9,9,92,0.7779,0.0,False,0,
9,9,93,0.8692,0.0,False,0,
9,9,94,0.3,0.0,False,0,
9,9,95,0.6202,0.0,False,0,
9,9,96,0.5573,0.0,False,0,
9,9,97,0.4343,0.0,False,0,
9,9,98,0.8113,0.0,False,0,
9,9,99,0.4479,0.0,False,0,
10,10,0,0.4075,0.0,False,0,
10,10,1,1.0281,0.0,False,0,
10,10,2,0.4153,0.0,False,0,
10,10,3,0.9427,0.0,False,0,
10,10,4,0.5796,0.0,False,0,
10,10,5,0.4656,0.0,False,0,
10,10,6,0.8163,0.0,False,0,
10,10,7,0.4177,0.0,False,0,
10,10,8,0.4562,0.0,False,0,
10,10,9,0.3795,0.0,False,0,
10,10,10,1.1136,0.0,False,0,
10,10,11,0.1459,0.3473,False,0,
10,10,12,1.024,0.0,False,0,
10,10,13,0.5173,0.0,False,0,
10,10,14,0.5682,0.0,False,0,
10,10,15,0.9037,0.0,False,0,
10,10,16,0.6615,0.0,False,0,
10,10,17,0.8727,0.0,False,0,
10,10,18,0.7727,0.0,False,0,
10,10,19,1.0767,0.0,False,0,
10,10,20,1.0524,0.0,False,0,
10,10,21,0.4542,0.0,False,0,
10,10,22,0.3723,0.0,False,0,
10,10,23,0.2121,0.6543,False,0,
10,10,24,0.4587,0.0,False,0,
10,10,25,1.0058,0.0,False,0,
10,10,26,0.1477,0.2152,False,0,
10,10,27,0.8951,0.0,False,0,
10,10,28,0.0846,0.1722,False,0,
10,10,29,0.5808,0.0,False,0,
10,10,30,0.1265,0.2215,False,0,
10,10,31,0.1102,0.2188,False,0,
10,10,32,0.9323,0.0,False,0,
10,10,33,0.8041,0.0,False,0,
10,10,34,0.0996,0.1982,False,0,
10,10,35,0.8059,0.0,False,0,
10,10,36,0.982,0.0,False,0,
10,10,37,1.0641,0.0,False,0,
10,10,38,0.7878,0.0,False,0,
10,10,39,0.4099,0.0,False,0,
10,10,40,0.2215,0.5988,False,0,
10,10,41,0.447,0.0,False,0,
10,10,42,1.1411,0.0,False,0,
10,10,43,0.4673,0.0,False,0,
10,10,44,1.0382,0.0,False,0,
10,10,45,0.9234,0.0,False,0,
10,10,46,0.411,0.0,False,0,
10,10,47,0.1397,0.2711,False,0,
10,10,48,1.0068,0.0,False,0,
10,10,49,0.437,0.0,False,0,
10,10,50,0.7752,0.0,False,0,
10,10,51,0.6745,0.0,False,0,
10,10,52,1.0626,0.0,False,0,
10,10,53,1.0999,0.0,False,0,
10,10,54,0.2108,0.4877,False,0,
10,10,55,0.2237,0.547,False,0,
10,10,56,0.4892,0.0,False,0,
10,10,57,0.5024,0.0,False,0,
10,10,58,1.0923,0.0,False,0,
10,10,59,0.1471,0.2391,False,0,
10,10,60,0.2901,0.9618,False,0,
10,10,61,0.9806,0.0,False,0,
10,10,62,0.2496,0.5868,False,0,
10,10,63,0.3751,0.0,False,0,
10,10,64,1.0254,0.0,False,0,
10,10,65,0.2572,0.785,False,0,
10,10,66,0.5149,0.0,False,0,
10,10,67,0.4181,0.0,False,0,
10,10,68,0.4973,0.0,False,0,
10,10,69,1.1349,0.0,False,0,
10,10,70,0.1615,0.2904,False,0,
10,10,71,0.2748,0.8994,False,0,
10,10,72,0.1096,0.2573,False,0,
10,10,73,0.0843,0.0928,False,0,
10,10,74,0.2133,0.6452,False,0,
10,10,75,0.7016,0.0,False,0,
10,10,76,0.427,0.0,False,0,
10,10,77,0.1725,0.2828,False,0,
10,10,78,0.3642,0.0,False,0,
10,10,79,0.3737,0.0,False,0,
10,10,80,0.3583,0.0,False,0,
10,10,81,1.0333,0.0,False,0,
10,10,82,0.8203,0.0,False,0,
10,10,83,0.4978,0.0,False,0,
10,10,84,0.1501,0.2251,False,0,
10,10,85,0.7737,0.0,False,0,
10,10,86,0.5747,0.0,False,0,
10,10,87,0.6458,0.0,False,0,
10,10,88,0.893,0.0,False,0,
10,10,89,0.453,0.0,False,0,
10,10,90,1.1208,0.0,False,0,
10,10,91,0.1617,0.2055,False,0,
10,10,92,0.9824,0.0,False,0,
10,10,93,1.0982,0.0,False,0,
10,10,94,0.3651,0.0,False,0,
10,10,95,0.7893,0.0,False,0,
10,10,96,0.7037,0.0,False,0,
10,10,97,0.5521,0.0,False,0,
10,10,98,1.0261,0.0,False,0,
10,10,99,0.564,0.0,False,0,
11,11,0,0.492,0.0,False,0,
11,11,1,1.2722,0.0,False,0,
11,11,2,0.5048,0.0,False,0,
11,11,3,1.158,0.0,False,0,
11,11,4,0.7148,0.0,False,0,
11,11,5,0.5712,0.0,False,0,
11,11,6,1.001,0.0,False,0,
11,11,7,0.5058,0.0,False,0,
11,11,8,0.5565,0.0,False,0,
11,11,9,0.4545,0.0011,False,0,
11,11,10,1.3739,0.0,False,0,
11,11,11,0.2188,0.4704,False,0,
11,11,12,1.2635,0.0,False,0,
11,11,13,0.6367,0.0,False,0,
11,11,14,0.7012,0.0,False,0,
11,11,15,1.1158,0.0,False,0,
11,11,16,0.8161,0.0,False,0,
11,11,17,1.0797,0.0,False,0,
11,11,18,0.9531,0.0,False,0,
11,11,19,1.3341,0.0,False,0,
11,11,20,1.2979,0.0,False,0,
11,11,21,0.5566,0.0,False,0,
11,11,22,0.4459,0.0,False,0,
11,11,23,0.3228,0.8463,False,0,
11,11,24,0.5606,0.0,False,0,
11,11,25,1.2327,0.0,False,0,
11,11,26,0.2185,0.3188,False,0,
11,11,27,1.1021,0.0,False,0,
11,11,28,0.1213,0.2569,False,0,
11,11,29,0.7187,0.0,False,0,
11,11,30,0.1867,0.327,False,0,
11,11,31,0.1615,0.3435,False,0,
11,11,32,1.1493,0.0,False,0,
11,11,33,0.9867,0.0,False,0,
11,11,34,0.144,0.3032,False,0,
11,11,35,0.9919,0.0,False,0,
11,11,36,1.2164,0.0,False,0,
11,11,37,1.3065,0.0,False,0,
11,11,38,0.9744,0.0,False,0,
11,11,39,0.4952,0.0,False,0,
11,11,40,0.3306,0.8039,False,0,
11,11,41,0.5455,0.0,False,0,
11,11,42,1.3975,0.0,False,0,
11,11,43,0.5708,0.0,False,0,
11,11,44,1.2759,0.0,False,0,
11,11,45,1.1323,0.0,False,0,
11,11,46,0.497,0.0,False,0,
11,11,47,0.2019,0.4299,False,0,
11,11,48,1.2453,0.0,False,0,
11,11,49,0.5366,0.0,False,0,
11,11,50,0.9551,0.0,False,0,
11,11,51,0.831,0.0,False,0,
11,11,52,1.3062,0.0,False,0,
11,11,53,1.3548,0.0,False,0,
11,11,54,0.3192,0.6654,False,0,
11,11,55,0.3231,0.7565,False,0,
11,11,56,0.5987,0.0,False,0,
11,11,57,0.6162,0.0,False,0,
11,11,58,1.3462,0.0,False,0,
11,11,59,0.212,0.368,False,0,
11,11,60,0.4327,1.2243,False,0,
11,11,61,1.2084,0.0,False,0,
11,11,62,0.3661,0.7958,False,0,
11,11,63,0.4495,0.0,False,0,
11,11,64,1.2604,0.0,False,0,
11,11,65,0.3849,1.0214,False,0,
11,11,66,0.6311,0.0,False,0,
11,11,67,0.5068,0.0,False,0,
11,11,68,0.6132,0.0,False,0,
11,11,69,1.3973,0.0,False,0,
11,11,70,0.2429,0.4407,False,0,
11,11,71,0.4127,1.1504,False,0,
11,11,72,0.1635,0.3821,False,0,
11,11,73,0.1208,0.1661,False,0,
11,11,74,0.3222,0.8704,False,0,
11,11,75,0.8664,0.0,False,0,
11,11,76,0.5165,0.0,False,0,
11,11,77,0.2551,0.4409,False,0,
11,11,78,0.436,0.0,False,0,
11,11,79,0.4481,0.0035,False,0,
11,11,80,0.4278,0.0,False,0,
11,11,81,1.2812,0.0,False,0,
11,11,82,1.0065,0.0,False,0,
11,11,83,0.611,0.0,False,0,
11,11,84,0.2228,0.3338,False,0,
11,11,85,0.9578,0.0,False,0,
11,11,86,0.7055,0.0,False,0,
11,11,87,0.7927,0.0,False,0,
11,11,88,1.101,0.0,False,0,
11,11,89,0.5535,0.0,False,0,
11,11,90,1.3793,0.0,False,0,
11,11,91,0.2365,0.3281,False,0,
11,11,92,1.208,0.0,False,0,
11,11,93,1.3508,0.0,False,0,
11,11,94,0.436,0.0,False,0,
11,11,95,0.9786,0.0,False,0,
11,11,96,0.8686,0.0,False,0,
11,11,97,0.6827,0.0,False,0,
11,11,98,1.2665,0.0,False,0,
11,11,99,0.6917,0.0,False,0,
12,12,0,0.5847,0.0061,False,0,
12,12,1,1.5466,0.0,False,0,
12,12,2,0.6042,0.0,False,0,
12,12,3,1.3991,0.0,False,0,
12,12,4,0.8659,0.0,False,0,
12,12,5,0.6882,0.0,False,0,
12,12,6,1.2064,0.0,False,0,
12,12,7,0.6037,0.0215,False,0,
12,12,8,0.6686,0.0241,False,0,
12,12,9,0.5371,0.0186,False,0,
12,12,10,1.6677,0.0,False,0,
12,12,11,0.3068,0.6452,False,0,
12,12,12,1.5282,0.0,False,0,
12,12,13,0.7681,0.012,False,0,
12,12,14,0.85,0.0,False,0,
12,12,15,1.3548,0.0,False,0,
12,12,16,0.9882,0.0202,False,0,
12,12,17,1.3143,0.0,False,0,
12,12,18,1.1525,0.0,False,0,
12,12,19,1.6198,0.0,False,0,
12,12,20,1.5735,0.0,False,0,
12,12,21,0.6699,0.0082,False,0,
12,12,22,0.5272,0.0106,False,0,
12,12,23,0.46,1.0974,False,0,
12,12,24,0.6744,0.0246,False,0,
12,12,25,1.4843,0.0,False,0,
12,12,26,0.3024,0.4699,False,0,
12,12,27,1.3328,0.0,False,0,
12,12,28,0.1647,0.3603,False,0,
12,12,29,0.8726,0.0,False,0,
12,12,30,0.2615,0.4764,False,0,
12,12,31,0.2227,0.5025,False,0,
12,12,32,1.3935,0.0,False,0,
12,12,33,1.1922,0.0,False,0,
12,12,34,0.1977,0.4506,False,0,
12,12,35,1.2016,0.0,False,0,
12,12,36,1.4816,0.0,False,0,
12,12,37,1.5761,0.0,False,0,
12,12,38,1.181,0.0,False,0,
12,12,39,0.5908,0.0,False,0,
12,12,40,0.4624,1.0689,False,0,
12,12,41,0.6562,0.0071,False,0,
12,12,42,1.6836,0.0,False,0,
12,12,43,0.686,0.0,False,0,
12,12,44,1.547,0.0,False,0,
12,12,45,1.3672,0.0,False,0,
12,12,46,0.5912,0.0,False,0,
12,12,47,0.2766,0.6401,False,0,
12,12,48,1.5145,0.0,False,0,
12,12,49,0.6482,0.0159,False,0,
12,12,50,1.1531,0.0,False,0,
12,12,51,1.0044,0.0,False,0,
12,12,52,1.5795,0.0,False,0,
12,12,53,1.6392,0.0,False,0,
12,12,54,0.4507,0.9031,False,0,
12,12,55,0.4449,1.0077,False,0,
12,12,56,0.7223,0.0072,False,0,
12,12,57,0.7422,0.0186,False,0,
12,12,58,1.6264,0.0,False,0,
12,12,59,0.2896,0.5288,False,0,
12,12,60,0.6066,1.5264,False,0,
12,12,61,1.4633,0.0,False,0,
12,12,62,0.5092,1.0592,False,0,
12,12,63,0.5304,0.0184,False,0,
12,12,64,1.525,0.0,False,0,
12,12,65,0.5385,1.3179,False,0,
12,12,66,0.7591,0.0083,False,0,
12,12,67,0.6042,0.0,False,0,
12,12,68,0.7404,0.0136,False,0,
12,12,69,1.6918,0.0,False,0,
12,12,70,0.3408,0.6338,False,0,
12,12,71,0.5795,1.4614,False,0,
12,12,72,0.2294,0.5462,False,0,
12,12,73,0.1635,0.2632,False,0,
12,12,74,0.4547,1.1555,False,0,
12,12,75,1.0484,0.0,False,0,
12,12,76,0.6138,0.0197,False,0,
12,12,77,0.3558,0.6346,False,0,
12,12,78,0.515,0.0,False,0,
12,12,79,0.5292,0.0294,False,0,
12,12,80,0.5051,0.0081,False,0,
12,12,81,1.5531,0.0,False,0,
12,12,82,1.2143,0.0,False,0,
12,12,83,0.7355,0.0,False,0,
12,12,84,0.3103,0.4894,False,0,
12,12,85,1.1612,0.0,False,0,
12,12,86,0.8502,0.0,False,0,
12,12,87,0.96,0.0,False,0,
12,12,88,1.3349,0.0,False,0,
12,12,89,0.6645,0.021,False,0,
12,12,90,1.6647,0.0,False,0,
12,12,91,0.3248,0.4911,False,0,
12,12,92,1.4629,0.0,False,0,
12,12,93,1.6311,0.0,False,0,
12,12,94,0.5132,0.0275,False,0,
12,12,95,1.1866,0.0,False,0,
12,12,96,1.051,0.0,False,0,
12,12,97,0.8272,0.0,False,0,
12,12,98,1.5363,0.0,False,0,
12,12,99,0.8332,0.0,False,0,
13,13,0,0.685,0.0314,False,0,
13,13,1,1.8437,0.0,False,0,
13,13,2,0.7125,0.0231,False,0,
13,13,3,1.665,0.0,False,0,
13,13,4,1.0312,0.0469,False,0,
13,13,5,0.8136,0.0091,False,0,
13,13,6,1.4321,0.0288,False,0,
13,13,7,0.7102,0.0671,False,0,
13,13,8,0.7908,0.0796,False,0,
13,13,9,0.6255,0.0685,False,0,
13,13,10,1.9912,0.0,False,0,
13,13,11,0.4084,0.8763,False,0,
13,13,12,1.8147,0.0,False,0,
13,13,13,0.9127,0.0492,False,0,
13,13,14,1.0142,0.0089,False,0,
13,13,15,1.6163,0.0,False,0,
13,13,16,1.1769,0.0771,False,0,
13,13,17,1.5674,0.0,False,0,
13,13,18,1.3729,0.0,False,0,
13,13,19,1.9336,0.0,False,0,
13,13,20,1.873,0.0,False,0,
13,13,21,0.7944,0.0345,False,0,
13,13,22,0.6145,0.039,False,0,
13,13,23,0.6186,1.4085,False,0,
13,13,24,0.7985,0.0795,False,0,
13,13,25,1.7587,0.0,False,0,
13,13,26,0.3995,0.681,False,0,
13,13,27,1.5874,0.0,False,0,
13,13,28,0.2139,0.4833,False,0,
13,13,29,1.0416,0.0219,False,0,
13,13,30,0.3473,0.6792,False,0,
13,13,31,0.2922,0.6938,False,0,
13,13,32,1.6616,0.0047,False,0,
13,13,33,1.4155,0.015,False,0,
13,13,34,0.2587,0.6196,False,0,
13,13,35,1.4277,0.0262,False,0,
13,13,36,1.7718,0.0,False,0,
13,13,37,1.8718,0.0062,False,0,
13,13,38,1.4068,0.0,False,0,
13,13,39,0.6954,0.0007,False,0,
13,13,40,0.6171,1.3831,False,0,
13,13,41,0.778,0.0488,False,0,
13,13,42,1.9993,0.0154,False,0,
13,13,43,0.8099,0.0252,False,0,
13,13,44,1.8485,0.0,False,0,
13,13,45,1.6206,0.0,False,0,
13,13,46,0.6934,0.0158,False,0,
13,13,47,0.3628,0.8982,False,0,
13,13,48,1.8054,0.0,False,0,
13,13,49,0.7704,0.0581,False,0,
13,13,50,1.3728,0.0173,False,0,
13,13,51,1.1955,0.0103,False,0,
13,13,52,1.8795,0.0,False,0,
13,13,53,1.9544,0.0,False,0,
13,13,54,0.6055,1.1705,False,0,
13,13,55,0.5854,1.3039,False,0,
13,13,56,0.8589,0.0489,False,0,
13,13,57,0.8814,0.0571,False,0,
13,13,58,1.9374,0.0,False,0,
13,13,59,0.3801,0.7225,False,0,
13,13,60,0.804,1.8869,False,0,
13,13,61,1.7417,0.0,False,0,
13,13,62,0.6755,1.3827,False,0,
13,13,63,0.6176,0.0589,False,0,
13,13,64,1.8152,0.0,False,0,
13,13,65,0.7179,1.6743,False,0,
13,13,66,0.8995,0.049,False,0,
13,13,67,0.7097,0.0101,False,0,
13,13,68,0.8786,0.0532,False,0,
13,13,69,2.0095,0.0,False,0,
13,13,70,0.4558,0.8822,False,0,
13,13,71,0.7712,1.825,False,0,
13,13,72,0.3065,0.7519,False,0,
13,13,73,0.2126,0.3834,False,0,
13,13,74,0.6116,1.4829,False,0,
13,13,75,1.2465,0.0,False,0,
13,13,76,0.72,0.0607,False,0,
13,13,77,0.4708,0.8841,False,0,
13,13,78,0.6,0.0343,False,0,
13,13,79,0.6161,0.0875,False,0,
13,13,80,0.5877,0.037,False,0,
13,13,81,1.8479,0.0,False,0,
13,13,82,1.4406,0.0,False,0,
13,13,83,0.872,0.0363,False,0,
13,13,84,0.4105,0.6734,False,0,
13,13,85,1.3812,0.0,False,0,
13,13,86,1.0097,0.0192,False,0,
13,13,87,1.142,0.0,False,0,
13,13,88,1.5919,0.0,False,0,
13,13,89,0.7856,0.0801,False,0,
13,13,90,1.9812,0.0,False,0,
13,13,91,0.426,0.7054,False,0,
13,13,92,1.7392,0.0,False,0,
13,13,93,1.9419,0.0,False,0,
13,13,94,0.5975,0.0804,False,0,
13,13,95,1.4161,0.0546,False,0,
13,13,96,1.2496,0.0,False,0,
13,13,97,0.9854,0.0577,False,0,
13,13,98,1.8327,0.027,False,0,
13,13,99,0.9869,0.0241,False,0,
14,14,0,0.7916,0.0846,False,0,
14,14,1,2.1652,0.0388,False,0,
14,14,2,0.8285,0.0834,False,0,
14,14,3,1.9514,0.0216,False,0,
14,14,4,1.21,0.1395,False,0,
14,14,5,0.9475,0.0408,False,0,
14,14,6,1.6724,0.1175,False,0,
14,14,7,0.8233,0.1487,False,0,
14,14,8,0.9219,0.1542,False,0,
14,14,9,0.7203,0.1442,False,0,
14,14,10,2.3394,0.0196,False,0,
14,14,11,0.5226,1.1598,False,0,
14,14,12,2.1234,0.0,False,0,
14,14,13,1.0667,0.1308,False,0,
14,14,14,1.1897,0.0591,False,0,
14,14,15,1.8995,0.0341,False,0,
14,14,16,1.3808,0.1792,False,0,
14,14,17,1.8391,0.0,False,0,
14,14,18,1.611,0.0366,False,0,
14,14,19,2.2733,0.0172,False,0,
14,14,20,2.193,0.0,False,0,
14,14,21,0.928,0.0817,False,0,
14,14,22,0.7081,0.0819,False,0,
14,14,23,0.7973,1.7717,False,0,
14,14,24,0.9326,0.1581,False,0,
14,14,25,2.0526,0.0225,False,0,
14,14,26,0.5079,0.9469,False,0,
14,14,27,1.863,0.0029,False,0,
14,14,28,0.268,0.6306,False,0,
14,14,29,1.2237,0.0815,False,0,
14,14,30,0.445,0.9051,False,0,
14,14,31,0.3694,0.9053,False,0,
14,14,32,1.9476,0.0567,False,0,
14,14,33,1.6537,0.0887,False,0,
14,14,34,0.3262,0.8259,False,0,
14,14,35,1.6707,0.1123,False,0,
14,14,36,2.0819,0.0,False,0,
14,14,37,2.1902,0.0724,False,0,
14,14,38,1.6477,0.0118,False,0,
14,14,39,0.8074,0.0382,False,0,
14,14,40,0.7909,1.734,False,0,
14,14,41,0.9082,0.1193,False,0,
14,14,42,2.3402,0.0561,False,0,
14,14,43,0.9431,0.0828,False,0,
14,14,44,2.1745,0.003,False,0,
14,14,45,1.8938,0.0297,False,0,
14,14,46,0.803,0.0525,False,0,
14,14,47,0.4603,1.1941,False,0,
14,14,48,2.1199,0.0,False,0,
14,14,49,0.901,0.1271,False,0,
14,14,50,1.607,0.0735,False,0,
14,14,51,1.4031,0.0444,False,0,
14,14,52,2.2036,0.0038,False,0,
14,14,53,2.2916,0.0,False,0,
14,14,54,0.7772,1.4979,False,0,
14,14,55,0.7443,1.6459,False,0,
14,14,56,1.0056,0.1157,False,0,
14,14,57,1.0299,0.1416,False,0,
14,14,58,2.2728,0.0595,False,0,
14,14,59,0.4817,0.9587,False,0,
14,14,60,1.0244,2.2883,False,0,
14,14,61,2.044,0.0555,False,0,
14,14,62,0.8633,1.7477,False,0,
14,14,63,0.7108,0.1215,False,0,
14,14,64,2.1292,0.0263,False,0,
14,14,65,0.9199,2.0908,False,0,
14,14,66,1.0501,0.1281,False,0,
14,14,67,0.8225,0.037,False,0,
14,14,68,1.0272,0.1408,False,0,
14,14,69,2.3479,0.0339,False,0,
14,14,70,0.5848,1.1838,False,0,
14,14,71,0.9877,2.2363,False,0,
14,14,72,0.3921,0.9776,False,0,
14,14,73,0.2671,0.5327,False,0,
14,14,74,0.7892,1.842,False,0,
14,14,75,1.4586,0.0532,False,0,
14,14,76,0.8325,0.1333,False,0,
14,14,77,0.5989,1.1634,False,0,
14,14,78,0.6906,0.0877,False,0,
14,14,79,0.7084,0.1615,False,0,
14,14,80,0.6762,0.094,False,0,
14,14,81,2.1658,0.0023,False,0,
14,14,82,1.6813,0.0156,False,0,
14,14,83,1.0192,0.1117,False,0,
14,14,84,0.5234,0.9017,False,0,
14,14,85,1.6198,0.0081,False,0,
14,14,86,1.1804,0.0715,False,0,
14,14,87,1.3401,0.0255,False,0,
14,14,88,1.8704,0.0275,False,0,
14,14,89,0.9145,0.1667,False,0,
14,14,90,2.3198,0.0,False,0,
14,14,91,0.5395,0.9547,False,0,
14,14,92,2.0382,0.06,False,0,
14,14,93,2.2738,0.0,False,0,
14,14,94,0.6878,0.151,False,0,
14,14,95,1.6603,0.1561,False,0,
14,14,96,1.4618,0.0055,False,0,
14,14,97,1.154,0.1409,False,0,
14,14,98,2.1486,0.0838,False,0,
14,14,99,1.1512,0.0833,False,0,
15,15,0,0.9049,0.1514,False,0,
15,15,1,2.5099,0.1131,False,0,
15,15,2,0.9523,0.1707,False,0,
15,15,3,2.2609,0.0948,False,0,
15,15,4,1.3991,0.2708,False,0,
15,15,5,1.0912,0.1017,False,0,
15,15,6,1.9306,0.2531,False,0,
15,15,7,0.9441,0.2586,False,0,
15,15,8,1.0629,0.2512,False,0,
15,15,9,0.8202,0.2434,False,0,
15,15,10,2.7127,0.0771,False,0,
15,15,11,0.6498,1.4806,False,0,
15,15,12,2.4525,0.0267,False,0,
15,15,13,1.2313,0.2335,False,0,
15,15,14,1.377,0.1308,False,0,
15,15,15,2.2045,0.0936,False,0,
15,15,16,1.597,0.3155,False,0,
15,15,17,2.128,0.0138,False,0,
15,15,18,1.8635,0.11,False,0,
15,15,19,2.6381,0.0641,False,0,
15,15,20,2.5385,0.0058,False,0,
15,15,21,1.0703,0.1542,False,0,
15,15,22,0.8077,0.1431,False,0,
15,15,23,0.9923,2.18,False,0,
15,15,24,1.0756,0.2683,False,0,
15,15,25,2.368,0.0908,False,0,
15,15,26,0.6281,1.2462,False,0,
15,15,27,2.1577,0.0337,False,0,
15,15,28,0.3273,0.8026,False,0,
15,15,29,1.4172,0.1682,False,0,
15,15,30,0.5532,1.1622,False,0,
15,15,31,0.4563,1.1439,False,0,
15,15,32,2.2548,0.1286,False,0,
15,15,33,1.9073,0.1966,False,0,
15,15,34,0.4004,1.0475,False,0,
15,15,35,1.9322,0.2371,False,0,
15,15,36,2.4165,0.0393,False,0,
15,15,37,2.5322,0.1868,False,0,
15,15,38,1.903,0.0489,False,0,
15,15,39,0.927,0.0969,False,0,
15,15,40,0.9832,2.1118,False,0,
15,15,41,1.0462,0.2175,False,0,
15,15,42,2.7058,0.1169,False,0,
15,15,43,1.084,0.1702,False,0,
15,15,44,2.5216,0.0328,False,0,
15,15,45,2.1837,0.0924,False,0,
15,15,46,0.9194,0.1188,False,0,
15,15,47,0.5689,1.5093,False,0,
15,15,48,2.4532,0.0076,False,0,
15,15,49,1.0409,0.2263,False,0,
15,15,50,1.856,0.1757,False,0,
15,15,51,1.6252,0.1258,False,0,
15,15,52,2.551,0.0357,False,0,
15,15,53,2.6495,0.0,False,0,
15,15,54,0.9686,1.8769,False,0,
15,15,55,0.9216,2.0152,False,0,
15,15,56,1.162,0.202,False,0,
15,15,57,1.1879,0.25,False,0,
15,15,58,2.6299,0.1643,False,0,
15,15,59,0.594,1.2311,False,0,
15,15,60,1.2669,2.7319,False,0,
15,15,61,2.3667,0.1584,False,0,
15,15,62,1.0706,2.1581,False,0,
15,15,63,0.81,0.1966,False,0,
15,15,64,2.4671,0.0737,False,0,
15,15,65,1.1455,2.5429,False,0,
15,15,66,1.2097,0.2355,False,0,
15,15,67,0.9435,0.0866,False,0,
15,15,68,1.1861,0.2461,False,0,
15,15,69,2.7083,0.1043,False,0,
15,15,70,0.728,1.5174,False,0,
15,15,71,1.231,2.6957,False,0,
15,15,72,0.4872,1.2188,False,0,
15,15,73,0.328,0.6923,False,0,
15,15,74,0.9859,2.2202,False,0,
15,15,75,1.6864,0.1273,False,0,
15,15,76,0.953,0.2216,False,0,
15,15,77,0.7401,1.4632,False,0,
15,15,78,0.7866,0.1566,False,0,
15,15,79,0.8064,0.2535,False,0,
15,15,80,0.771,0.1659,False,0,
15,15,81,2.5054,0.0307,False,0,
15,15,82,1.9373,0.0707,False,0,
15,15,83,1.1782,0.2083,False,0,
15,15,84,0.6493,1.1697,False,0,
15,15,85,1.8763,0.06,False,0,
15,15,86,1.3622,0.1557,False,0,
15,15,87,1.5512,0.0966,False,0,
15,15,88,2.1685,0.0731,False,0,
15,15,89,1.0509,0.2683,False,0,
15,15,90,2.6848,0.0,False,0,
15,15,91,0.6651,1.22,False,0,
15,15,92,2.361,0.158,False,0,
15,15,93,2.631,0.0232,False,0,
15,15,94,0.7844,0.2337,False,0,
15,15,95,1.9218,0.2903,False,0,
15,15,96,1.6867,0.0558,False,0,
15,15,97,1.3353,0.2506,False,0,
15,15,98,2.4871,0.1953,False,0,
15,15,99,1.328,0.1763,False,0,
16,16,0,1.0265,0.2282,False,0,
16,16,1,2.8761,0.2223,False,0,
16,16,2,1.0839,0.2759,False,0,
16,16,3,2.5971,0.1719,False,0,
16,16,4,1.6009,0.4268,False,0,
16,16,5,1.245,0.1738,False,0,
16,16,6,2.2063,0.4156,False,0,
16,16,7,1.0734,0.3743,False,0,
16,16,8,1.2144,0.3556,False,0,
16,16,9,0.9264,0.3578,False,0,
16,16,10,3.1162,0.1541,False,0,
16,16,11,0.7887,1.8234,False,0,
16,16,12,2.8052,0.0849,False,0,
16,16,13,1.4073,0.3426,False,0,
16,16,14,1.5797,0.2195,False,0,
16,16,15,2.5336,0.1663,False,0,
16,16,16,1.8305,0.4579,False,0,
16,16,17,2.4364,0.0428,False,0,
16,16,18,2.1364,0.2106,False,0,
16,16,19,3.0317,0.1405,False,0,
16,16,20,2.9099,0.0349,False,0,
16,16,21,1.2228,0.2399,False,0,
16,16,22,0.9142,0.2103,False,0,
16,16,23,1.2089,2.5981,False,0,
16,16,24,1.2287,0.3926,False,0,
16,16,25,2.7066,0.1673,False,0,
16,16,26,0.7629,1.554,False,0,
16,16,27,2.4713,0.0723,False,0,
16,16,28,0.393,0.9893,False,0,
16,16,29,1.6257,0.2683,False,0,
16,16,30,0.6735,1.4296,False,0,
16,16,31,0.5532,1.3971,False,0,
16,16,32,2.583,0.2226,False,0,
16,16,33,2.1803,0.3146,False,0,
16,16,34,0.4816,1.2867,False,0,
16,16,35,2.2107,0.3733,False,0,
16,16,36,2.7718,0.0909,False,0,
16,16,37,2.8963,0.3101,False,0,
16,16,38,2.178,0.1095,False,0,
16,16,39,1.054,0.1672,False,0,
16,16,40,1.1947,2.5135,False,0,
16,16,41,1.1946,0.3311,False,0,
16,16,42,3.1023,0.1792,False,0,
16,16,43,1.2351,0.2719,False,0,
16,16,44,2.8943,0.0922,False,0,
16,16,45,2.4925,0.1806,False,0,
16,16,46,1.0438,0.2028,False,0,
16,16,47,0.688,1.8391,False,0,
16,16,48,2.8136,0.0176,False,0,
16,16,49,1.1901,0.3411,False,0,
16,16,50,2.123,0.3037,False,0,
16,16,51,1.8639,0.232,False,0,
16,16,52,2.922,0.0885,False,0,
16,16,53,3.0339,0.0,False,0,
16,16,54,1.1817,2.2696,False,0,
16,16,55,1.119,2.4072,False,0,
16,16,56,1.3295,0.312,False,0,
16,16,57,1.3569,0.3753,False,0,
16,16,58,3.0172,0.2848,False,0,
16,16,59,0.7166,1.5176,False,0,
16,16,60,1.5364,3.2032,False,0,
16,16,61,2.7112,0.2753,False,0,
16,16,62,1.2964,2.6006,False,0,
16,16,63,0.9152,0.2777,False,0,
16,16,64,2.8326,0.1235,False,0,
16,16,65,1.4011,3.0167,False,0,
16,16,66,1.3812,0.3646,False,0,
16,16,67,1.0736,0.1442,False,0,
16,16,68,1.3557,0.3677,False,0,
16,16,69,3.0931,0.2036,False,0,
16,16,70,0.8874,1.8587,False,0,
16,16,71,1.4982,3.1863,False,0,
16,16,72,0.5928,1.4746,False,0,
16,16,73,0.3951,0.8571,False,0,
16,16,74,1.2073,2.6101,False,0,
16,16,75,1.9304,0.2116,False,0,
16,16,76,1.0826,0.3195,False,0,
16,16,77,0.8987,1.7701,False,0,
16,16,78,0.8889,0.2348,False,0,
16,16,79,0.9114,0.3502,False,0,
16,16,80,0.8727,0.2457,False,0,
16,16,81,2.8709,0.0644,False,0,
16,16,82,2.2116,0.1343,False,0,
16,16,83,1.3494,0.3142,False,0,
16,16,84,0.7898,1.4619,False,0,
16,16,85,2.1501,0.1225,False,0,
16,16,86,1.5584,0.2533,False,0,
16,16,87,1.778,0.1957,False,0,
16,16,88,2.4885,0.142,False,0,
16,16,89,1.1973,0.3854,False,0,
16,16,90,3.0801,0.0068,False,0,
16,16,91,0.8023,1.4954,False,0,
16,16,92,2.7075,0.2672,False,0,
16,16,93,3.015,0.0704,False,0,
16,16,94,0.888,0.3258,False,0,
16,16,95,2.2027,0.4489,False,0,
16,16,96,1.9278,0.1134,False,0,
16,16,97,1.5283,0.3797,False,0,
16,16,98,2.8527,0.3106,False,0,
16,16,99,1.5182,0.2842,False,0,
17,17,0,1.1583,0.3051,False,0,
17,17,1,3.2716,0.3316,False,0,
17,17,2,1.2248,0.3812,False,0,
17,17,3,2.9618,0.249,False,0,
17,17,4,1.8172,0.5828,False,0,
17,17,5,1.41,0.2459,False,0,
17,17,6,2.5039,0.5781,False,0,
17,17,7,1.2117,0.4899,False,0,
17,17,8,1.3779,0.46,False,0,
17,17,9,1.0402,0.4723,False,0,
17,17,10,3.5517,0.2311,False,0,
17,17,11,0.9437,2.1663,False,0,
17,17,12,3.184,0.1431,False,0,
17,17,13,1.5967,0.4516,False,0,
17,17,14,1.7994,0.3082,False,0,
17,17,15,2.886,0.2391,False,0,
17,17,16,2.0822,0.6004,False,0,
17,17,17,2.7703,0.0718,False,0,
17,17,18,2.4317,0.3112,False,0,
17,17,19,3.4623,0.2168,False,0,
17,17,20,3.317,0.0641,False,0,
17,17,21,1.3873,0.3257,False,0,
17,17,22,1.0284,0.2775,False,0,
17,17,23,1.4397,3.0161,False,0,
17,17,24,1.3946,0.517,False,0,
17,17,25,3.0749,0.2438,False,0,
17,17,26,0.9108,1.8618,False,0,
17,17,27,2.8138,0.1109,False,0,
17,17,28,0.4651,1.176,False,0,
17,17,29,1.8529,0.3684,False,0,
17,17,30,0.8042,1.697,False,0,
17,17,31,0.6604,1.6502,False,0,
17,17,32,2.9341,0.3167,False,0,
17,17,33,2.4778,0.4326,False,0,
17,17,34,0.5714,1.5258,False,0,
17,17,35,2.5146,0.5095,False,0,
17,17,36,3.1531,0.1424,False,0,
17,17,37,3.2934,0.4333,False,0,
17,17,38,2.4793,0.1701,False,0,
17,17,39,1.1899,0.2374,False,0,
17,17,40,1.4315,2.9153,False,0,
17,17,41,1.3552,0.4447,False,0,
17,17,42,3.5288,0.2415,False,0,
17,17,43,1.3981,0.3735,False,0,
17,17,44,3.2995,0.1516,False,0,
17,17,45,2.8258,0.2688,False,0,
17,17,46,1.1786,0.2867,False,0,
17,17,47,0.8193,2.1689,False,0,
17,17,48,3.2078,0.0276,False,0,
17,17,49,1.3503,0.4558,False,0,
17,17,50,2.4125,0.4317,False,0,
17,17,51,2.1197,0.3381,False,0,
17,17,52,3.3233,0.1414,False,0,
17,17,53,3.4471,0.0,False,0,
17,17,54,1.409,2.6622,False,0,
17,17,55,1.337,2.7991,False,0,
17,17,56,1.5107,0.4221,False,0,
17,17,57,1.5386,0.5006,False,0,
17,17,58,3.4362,0.4053,False,0,
17,17,59,0.852,1.8042,False,0,
17,17,60,1.8331,3.6746,False,0,
17,17,61,3.0816,0.3923,False,0,
17,17,62,1.545,3.0431,False,0,
17,17,63,1.028,0.3589,False,0,
17,17,64,3.231,0.1732,False,0,
17,17,65,1.6788,3.4906,False,0,
17,17,66,1.5657,0.4937,False,0,
17,17,67,1.2134,0.2018,False,0,
17,17,68,1.5407,0.4892,False,0,
17,17,69,3.5086,0.3028,False,0,
17,17,70,1.0686,2.2,False,0,
17,17,71,1.7829,3.6768,False,0,
17,17,72,0.7089,1.7305,False,0,
17,17,73,0.4707,1.0219,False,0,
17,17,74,1.4435,3.0,False,0,
17,17,75,2.1968,0.2959,False,0,
17,17,76,1.2223,0.4175,False,0,
17,17,77,1.072,2.0769,False,0,
17,17,78,0.9986,0.3129,False,0,
17,17,79,1.0238,0.4469,False,0,
17,17,80,0.9824,0.3255,False,0,
17,17,81,3.2631,0.0981,False,0,
17,17,82,2.51,0.1979,False,0,
17,17,83,1.5345,0.4201,False,0,
17,17,84,0.9463,1.754,False,0,
17,17,85,2.4439,0.185,False,0,
17,17,86,1.7728,0.3509,False,0,
17,17,87,2.0228,0.2948,False,0,
17,17,88,2.8373,0.2108,False,0,
17,17,89,1.3576,0.5025,False,0,
17,17,90,3.5077,0.0136,False,0,
17,17,91,0.9507,1.7709,False,0,
17,17,92,3.0816,0.3764,False,0,
17,17,93,3.4316,0.1176,False,0,
17,17,94,0.9983,0.4178,False,0,
17,17,95,2.5074,0.6075,False,0,
17,17,96,2.191,0.171,False,0,
17,17,97,1.7372,0.5089,False,0,
17,17,98,3.2494,0.426,False,0,
17,17,99,1.7248,0.3922,False,0,
18,18,0,1.3043,0.3819,False,0,
18,18,1,3.7144,0.4408,False,0,
18,18,2,1.3822,0.4864,False,0,
18,18,3,3.3674,0.3261,False,0,
18,18,4,2.0609,0.7388,False,0,
18,18,5,1.5944,0.318,False,0,
18,18,6,2.8304,0.7407,False,0,
18,18,7,1.365,0.6055,False,0,
18,18,8,1.5564,0.5644,False,0,
18,18,9,1.1648,0.5867,False,0,
18,18,10,4.0387,0.3081,False,0,
18,18,11,1.0988,2.5314,False,0,
18,18,12,3.6076,0.2012,False,0,
18,18,13,1.8096,0.5606,False,0,
18,18,14,2.0464,0.397,False,0,
18,18,15,3.2815,0.3119,False,0,
18,18,16,2.3653,0.7429,False,0,
18,18,17,3.1427,0.1008,False,0,
18,18,18,2.7637,0.4119,False,0,
18,18,19,3.9432,0.2932,False,0,
18,18,20,3.7774,0.0933,False,0,
18,18,21,1.5693,0.4115,False,0,
18,18,22,1.1551,0.3447,False,0,
18,18,23,1.6705,3.4678,False,0,
18,18,24,1.5799,0.6413,False,0,
18,18,25,3.4873,0.3203,False,0,
18,18,26,1.0587,2.191,False,0,
18,18,27,3.1894,0.1496,False,0,
18,18,28,0.5372,1.3729,False,0,
18,18,29,2.1066,0.4685,False,0,
18,18,30,0.9348,1.985,False,0,
18,18,31,0.7676,1.9219,False,0,
18,18,32,3.3233,0.4107,False,0,
18,18,33,2.8124,0.5507,False,0,
18,18,34,0.6611,1.7808,False,0,
18,18,35,2.8481,0.6457,False,0,
18,18,36,3.575,0.194,False,0,
18,18,37,3.7367,0.5566,False,0,
18,18,38,2.8148,0.2308,False,0,
18,18,39,1.3403,0.3077,False,0,
18,18,40,1.6684,3.3563,False,0,
18,18,41,1.5334,0.5583,False,0,
18,18,42,3.999,0.3037,False,0,
18,18,43,1.5803,0.4752,False,0,
18,18,44,3.7552,0.211,False,0,
18,18,45,3.1958,0.357,False,0,
18,18,46,1.3263,0.3706,False,0,
18,18,47,0.9507,2.5217,False,0,
18,18,48,3.6481,0.0376,False,0,
18,18,49,1.5295,0.5705,False,0,
18,18,50,2.7381,0.5597,False,0,
18,18,51,2.4059,0.4443,False,0,
18,18,52,3.7697,0.1943,False,0,
18,18,53,3.9082,0.0,False,0,
18,18,54,1.6364,3.088,False,0,
18,18,55,1.555,3.221,False,0,
18,18,56,1.7115,0.5322,False,0,
18,18,57,1.7397,0.626,False,0,
18,18,58,3.8991,0.5258,False,0,
18,18,59,0.9874,2.1111,False,0,
18,18,60,2.1298,4.1902,False,0,
18,18,61,3.4992,0.5092,False,0,
18,18,62,1.7936,3.5254,False,0,
18,18,63,1.1536,0.4401,False,0,
18,18,64,3.6741,0.2229,False,0,
18,18,65,1.9566,4.0111,False,0,
18,18,66,1.7701,0.6227,False,0,
18,18,67,1.3668,0.2594,False,0,
18,18,68,1.746,0.6108,False,0,
18,18,69,3.9715,0.4021,False,0,
18,18,70,1.2498,2.5716,False,0,
18,18,71,2.0675,4.2181,False,0,
18,18,72,0.8251,2.0039,False,0,
18,18,73,0.5463,1.1867,False,0,
18,18,74,1.6797,3.4302,False,0,
18,18,75,2.4923,0.3801,False,0,
18,18,76,1.3781,0.5154,False,0,
18,18,77,1.2453,2.4091,False,0,
18,18,78,1.1203,0.3911,False,0,
18,18,79,1.1459,0.5436,False,0,
18,18,80,1.1022,0.4054,False,0,
18,18,81,3.6996,0.1319,False,0,
18,18,82,2.846,0.2615,False,0,
18,18,83,1.7375,0.526,False,0,
18,18,84,1.1028,2.0711,False,0,
18,18,85,2.7726,0.2476,False,0,
18,18,86,2.0127,0.4486,False,0,
18,18,87,2.2994,0.394,False,0,
18,18,88,3.229,0.2797,False,0,
18,18,89,1.5369,0.6197,False,0,
18,18,90,3.9893,0.0204,False,0,
18,18,91,1.099,2.0693,False,0,
18,18,92,3.5052,0.4857,False,0,
18,18,93,3.9009,0.1647,False,0,
18,18,94,1.1212,0.5099,False,0,
18,18,95,2.8459,0.7661,False,0,
18,18,96,2.4861,0.2287,False,0,
18,18,97,1.9679,0.638,False,0,
18,18,98,3.6922,0.5414,False,0,
18,18,99,1.9557,0.5002,False,0,
19,19,0,1.465,0.4587,False,0,
19,19,1,4.2105,0.55,False,0,
19,19,2,1.5588,0.5917,False,0,
19,19,3,3.8296,0.4032,False,0,
19,19,4,2.3349,0.8947,False,0,
19,19,5,1.8008,0.3901,False,0,
19,19,6,3.1979,0.9032,False,0,
19,19,7,1.5372,0.7212,False,0,
19,19,8,1.7581,0.6687,False,0,
19,19,9,1.302,0.7012,False,0,
19,19,10,4.5861,0.3851,False,0,
19,19,11,1.2538,2.9275,False,0,
19,19,12,4.0773,0.2594,False,0,
19,19,13,2.0498,0.6696,False,0,
19,19,14,2.3215,0.4857,False,0,
19,19,15,3.724,0.3846,False,0,
19,19,16,2.6852,0.8853,False,0,
19,19,17,3.5668,0.1298,False,0,
19,19,18,3.1353,0.5125,False,0,
19,19,19,4.4757,0.3696,False,0,
19,19,20,4.3024,0.1224,False,0,
19,19,21,1.7719,0.4972,False,0,
19,19,22,1.2956,0.4119,False,0,
19,19,23,1.9013,3.9673,False,0,
19,19,24,1.7876,0.7657,False,0,
19,19,25,3.9585,0.3968,False,0,
19,19,26,1.2066,2.5525,False,0,
19,19,27,3.6064,0.1882,False,0,
19,19,28,0.6093,1.5699,False,0,
19,19,29,2.3855,0.5686,False,0,
19,19,30,1.0655,2.2953,False,0,
19,19,31,0.8749,2.2121,False,0,
19,19,32,3.7566,0.5047,False,0,
19,19,33,3.185,0.6687,False,0,
19,19,34,0.7508,2.051,False,0,
19,19,35,3.2272,0.7818,False,0,
19,19,36,4.0498,0.2456,False,0,
19,19,37,4.2377,0.6798,False,0,
19,19,38,3.191,0.2914,False,0,
19,19,39,1.5088,0.3779,False,0,
19,19,40,1.9053,3.8363,False,0,
19,19,41,1.7294,0.6719,False,0,
19,19,42,4.523,0.366,False,0,
19,19,43,1.7833,0.5769,False,0,
19,19,44,4.2721,0.2704,False,0,
19,19,45,3.6047,0.4452,False,0,
19,19,46,1.4893,0.4545,False,0,
19,19,47,1.082,2.8971,False,0,
19,19,48,4.1321,0.0476,False,0,
19,19,49,1.7313,0.6852,False,0,
19,19,50,3.1033,0.6877,False,0,
19,19,51,2.7258,0.5504,False,0,
19,19,52,4.2728,0.2471,False,0,
19,19,53,4.4323,0.0,False,0,
19,19,54,1.8637,3.566,False,0,
19,19,55,1.7731,3.6771,False,0,
19,19,56,1.9405,0.6422,False,0,
19,19,57,1.9652,0.7513,False,0,
19,19,58,4.4209,0.6464,False,0,
19,19,59,1.1227,2.4449,False,0,
19,19,60,2.4265,4.7579,False,0,
19,19,61,3.9621,0.6261,False,0,
19,19,62,2.0422,4.0518,False,0,
19,19,63,1.2921,0.5212,False,0,
19,19,64,4.1674,0.2727,False,0,
19,19,65,2.2343,4.5915,False,0,
19,19,66,2.0007,0.7518,False,0,
19,19,67,1.5386,0.317,False,0,
19,19,68,1.9762,0.7324,False,0,
19,19,69,4.4879,0.5013,False,0,
19,19,70,1.4311,2.9791,False,0,
19,19,71,2.3521,4.8189,False,0,
19,19,72,0.9413,2.2976,False,0,
19,19,73,0.6219,1.3603,False,0,
19,19,74,1.9159,3.9121,False,0,
19,19,75,2.8255,0.4644,False,0,
19,19,76,1.5523,0.6134,False,0,
19,19,77,1.4186,2.7795,False,0,
19,19,78,1.2541,0.4693,False,0,
19,19,79,1.2806,0.6403,False,0,
19,19,80,1.2355,0.4852,False,0,
19,19,81,4.1856,0.1656,False,0,
19,19,82,3.2206,0.3251,False,0,
19,19,83,1.9688,0.6319,False,0,
19,19,84,1.2594,2.4143,False,0,
19,19,85,3.1453,0.3101,False,0,
19,19,86,2.2826,0.5462,False,0,
19,19,87,2.606,0.4931,False,0,
19,19,88,3.6729,0.3485,False,0,
19,19,89,1.7398,0.7368,False,0,
19,19,90,4.5293,0.0272,False,0,
19,19,91,1.2474,2.3965,False,0,
19,19,92,3.9856,0.5949,False,0,
19,19,93,4.431,0.2119,False,0,
19,19,94,1.2585,0.6019,False,0,
19,19,95,3.2266,0.9247,False,0,
19,19,96,2.8168,0.2863,False,0,
19,19,97,2.225,0.7672,False,0,
19,19,98,4.1841,0.6567,False,0,
19,19,99,2.2112,0.6081,False,0,
20,20,0,1.6392,0.5355,False,0,
20,20,1,4.7523,0.6592,False,0,
20,20,2,1.7513,0.697,False,0,
20,20,3,4.332,0.4803,False,0,
20,20,4,2.6369,1.0507,False,0,
20,20,5,2.0267,0.4623,False,0,
20,20,6,3.5969,1.0657,False,0,
20,20,7,1.7239,0.8368,False,0,
20,20,8,1.9797,0.7731,False,0,
20,20,9,1.4518,0.8156,False,0,
20,20,10,5.1871,0.4621,False,0,
20,20,11,1.4089,3.3463,False,0,
20,20,12,4.5931,0.3175,False,0,
20,20,13,2.3122,0.7786,False,0,
20,20,14,2.6214,0.5745,False,0,
20,20,15,4.204,0.4574,False,0,
20,20,16,3.0385,1.0278,False,0,
20,20,17,4.0304,0.1588,False,0,
20,20,18,3.5467,0.6131,False,0,
20,20,19,5.0665,0.446,False,0,
20,20,20,4.8711,0.1516,False,0,
20,20,21,1.9928,0.583,False,0,
20,20,22,1.4465,0.4791,False,0,
20,20,23,2.1321,4.5136,False,0,
20,20,24,2.0156,0.89,False,0,
20,20,25,4.4721,0.4733,False,0,
20,20,26,1.3545,2.9421,False,0,
20,20,27,4.0659,0.2269,False,0,
20,20,28,0.6815,1.7793,False,0,
20,20,29,2.6896,0.6687,False,0,
20,20,30,1.1961,2.6256,False,0,
20,20,31,0.9821,2.5209,False,0,
20,20,32,4.2349,0.5988,False,0,
20,20,33,3.5984,0.7867,False,0,
20,20,34,0.8406,2.3357,False,0,
20,20,35,3.6432,0.918,False,0,
20,20,36,4.5718,0.2972,False,0,
20,20,37,4.7892,0.8031,False,0,
20,20,38,3.6082,0.352,False,0,
20,20,39,1.6949,0.4482,False,0,
20,20,40,2.1421,4.3585,False,0,
20,20,41,1.945,0.7855,False,0,
20,20,42,5.0993,0.4283,False,0,
20,20,43,2.0049,0.6786,False,0,
20,20,44,4.84,0.3298,False,0,
20,20,45,4.0565,0.5334,False,0,
20,20,46,1.6662,0.5384,False,0,
20,20,47,1.2133,3.2914,False,0,
20,20,48,4.6663,0.0576,False,0,
20,20,49,1.9493,0.7999,False,0,
20,20,50,3.5013,0.8157,False,0,
20,20,51,3.0751,0.6566,False,0,
20,20,52,4.8313,0.3,False,0,
20,20,53,5.005,0.0,False,0,
20,20,54,2.0911,4.084,False,0,
20,20,55,1.9911,4.1684,False,0,
20,20,56,2.1941,0.7523,False,0,
20,20,57,2.2097,0.8766,False,0,
20,20,58,4.9909,0.7669,False,0,
20,20,59,1.2581,2.8003,False,0,
20,20,60,2.7232,5.3828,True,2,excessive_market_usage
20,20,61,4.4663,0.7431,False,0,
20,20,62,2.2908,4.621,False,0,
20,20,63,1.4421,0.6024,False,0,
20,20,64,4.7075,0.3224,False,0,
20,20,65,2.512,5.2216,True,2,excessive_market_usage
20,20,66,2.2526,0.8809,False,0,
20,20,67,1.7257,0.3746,False,0,
20,20,68,2.2306,0.8539,False,0,
20,20,69,5.0552,0.6006,False,0,
20,20,70,1.6123,3.4179,False,0,
20,20,71,2.6368,5.4706,True,2,excessive_market_usage
20,20,72,1.0574,2.6092,False,0,
20,20,73,0.6975,1.5454,False,0,
20,20,74,2.1521,4.4314,False,0,
20,20,75,3.1893,0.5487,False,0,
20,20,76,1.7409,0.7113,False,0,
20,20,77,1.5918,3.1774,False,0,
20,20,78,1.4,0.5475,False,0,
20,20,79,1.4279,0.737,False,0,
20,20,80,1.381,0.565,False,0,
20,20,81,4.7153,0.1993,False,0,
20,20,82,3.6323,0.3887,False,0,
20,20,83,2.2237,0.7377,False,0,
20,20,84,1.4159,2.7839,False,0,
20,20,85,3.552,0.3726,False,0,
20,20,86,2.5779,0.6438,False,0,
20,20,87,2.9418,0.5922,False,0,
20,20,88,4.1525,0.4174,False,0,
20,20,89,1.963,0.8539,False,0,
20,20,90,5.1208,0.034,False,0,
20,20,91,1.3958,2.7455,False,0,
20,20,92,4.5069,0.7041,False,0,
20,20,93,5.0154,0.259,False,0,
20,20,94,1.4065,0.694,False,0,
20,20,95,3.6405,1.0833,False,0,
20,20,96,3.1798,0.3439,False,0,
20,20,97,2.5074,0.8963,False,0,
20,20,98,4.7283,0.7721,False,0,
20,20,99,2.4927,0.7161,False,0,
21,21,0,1.8273,0.6123,False,0,
21,21,1,5.332,0.7684,False,0,
21,21,2,1.9569,0.8022,False,0,
21,21,3,4.8676,0.5573,False,0,
21,21,4,2.9609,1.2067,False,0,
21,21,5,2.2684,0.5344,False,0,
21,21,6,4.0261,1.2283,False,0,
21,21,7,1.9232,0.9525,False,0,
21,21,8,2.2161,0.8775,False,0,
21,21,9,1.6129,0.9301,False,0,
21,21,10,5.827,0.5391,False,0,
21,21,11,1.5639,3.7868,False,0,
21,21,12,5.145,0.3757,False,0,
21,21,13,2.5902,0.8876,False,0,
21,21,14,2.9412,0.6632,False,0,
21,21,15,4.7163,0.5302,False,0,
21,21,16,3.4133,1.1703,False,0,
21,21,17,4.5306,0.1878,False,0,
21,21,18,3.9877,0.7137,False,0,
21,21,19,5.6973,0.5223,False,0,
21,21,20,5.4821,0.1808,False,0,
21,21,21,2.2309,0.6687,False,0,
21,21,22,1.6065,0.5463,False,0,
21,21,23,2.363,5.0885,True,2,excessive_market_usage
21,21,24,2.2603,1.0143,False,0,
21,21,25,5.0263,0.5498,False,0,
21,21,26,1.5024,3.3515,False,0,
21,21,27,4.5578,0.2655,False,0,
21,21,28,0.7536,1.9994,False,0,
21,21,29,3.0159,0.7688,False,0,
21,21,30,1.3268,2.9749,False,0,
21,21,31,1.0893,2.8463,False,0,
21,21,32,4.7449,0.6928,False,0,
21,21,33,4.0436,0.9047,False,0,
21,21,34,0.9303,2.6205,False,0,
21,21,35,4.0911,1.0542,False,0,
21,21,36,5.1339,0.3488,False,0,
21,21,37,5.3804,0.9263,False,0,
21,21,38,4.0593,0.4127,False,0,
21,21,39,1.8947,0.5184,False,0,
21,21,40,2.379,4.9094,False,0,
21,21,41,2.175,0.8991,False,0,
21,21,42,5.7118,0.4906,False,0,
21,21,43,2.2423,0.7803,False,0,
21,21,44,5.4441,0.3892,False,0,
21,21,45,4.5449,0.6216,False,0,
21,21,46,1.8548,0.6223,False,0,
21,21,47,1.3447,3.7016,False,0,
21,21,48,5.2372,0.0676,False,0,
21,21,49,2.1809,0.9147,False,0,
21,21,50,3.9269,0.9437,False,0,
21,21,51,3.4503,0.7628,False,0,
21,21,52,5.4361,0.3528,False,0,
21,21,53,5.6137,0.0,False,0,
21,21,54,2.3184,4.6346,False,0,
21,21,55,2.2091,4.6901,False,0,
21,21,56,2.4644,0.8624,False,0,
21,21,57,2.4709,1.0019,False,0,
21,21,58,5.6061,0.8874,False,0,
21,21,59,1.3935,3.1734,False,0,
21,21,60,2.7232,5.3828,False,0,
21,21,61,5.0063,0.86,False,0,
21,21,62,2.5395,5.2251,True,2,excessive_market_usage
21,21,63,1.6006,0.6835,False,0,
21,21,64,5.2881,0.3721,False,0,
21,21,65,2.512,5.2216,False,0,
21,21,66,2.5203,1.01,False,0,
21,21,67,1.9263,0.4322,False,0,
21,21,68,2.5014,0.9755,False,0,
21,21,69,5.6691,0.6998,False,0,
21,21,70,1.7935,3.8824,False,0,
21,21,71,2.6368,5.4706,False,0,
21,21,72,1.1736,2.9365,False,0,
21,21,73,0.7731,1.7397,False,0,
21,21,74,2.3884,4.9851,False,0,
21,21,75,3.5783,0.633,False,0,
21,21,76,1.9426,0.8092,False,0,
21,21,77,1.7651,3.5988,False,0,
21,21,78,1.5565,0.6257,False,0,
21,21,79,1.5853,0.8337,False,0,
21,21,80,1.5359,0.6448,False,0,
21,21,81,5.2781,0.2331,False,0,
21,21,82,4.0719,0.4523,False,0,
21,21,83,2.4979,0.8436,False,0,
21,21,84,1.5724,3.174,False,0,
21,21,85,3.9891,0.4351,False,0,
21,21,86,2.8918,0.7414,False,0,
21,21,87,3.3028,0.6914,False,0,
21,21,88,4.6636,0.4863,False,0,
21,21,89,2.2017,0.971,False,0,
21,21,90,5.7487,0.0408,False,0,
21,21,91,1.5441,3.113,False,0,
21,21,92,5.0668,0.8133,False,0,
21,21,93,5.6391,0.3062,False,0,
21,21,94,1.563,0.786,False,0,
21,21,95,4.0871,1.242,False,0,
21,21,96,3.5717,0.4016,False,0,
21,21,97,2.8108,1.0255,False,0,
21,21,98,5.3151,0.8874,False,0,
21,21,99,2.7983,0.824,False,0,
22,22,0,2.0254,0.6891,False,0,
22,22,1,5.9347,0.8777,False,0,
22,22,2,2.1704,0.9075,False,0,
22,22,3,5.4295,0.6344,False,0,
22,22,4,3.299,1.3627,False,0,
22,22,5,2.5204,0.6065,False,0,
22,22,6,4.4759,1.3908,False,0,
22,22,7,2.1316,1.0681,False,0,
22,22,8,2.4648,0.9819,False,0,
22,22,9,1.7802,1.0445,False,0,
22,22,10,6.4986,0.6161,False,0,
22,22,11,1.7189,4.2273,False,0,
22,22,12,5.7279,0.4338,False,0,
22,22,13,2.881,0.9966,False,0,
22,22,14,3.2749,0.7519,False,0,
22,22,15,5.2535,0.603,False,0,
22,22,16,3.8051,1.3128,False,0,
22,22,17,5.0521,0.2168,False,0,
22,22,18,4.449,0.8144,False,0,
22,22,19,6.3541,0.5987,False,0,
22,22,20,6.1199,0.21,False,0,
22,22,21,2.4797,0.7545,False,0,
22,22,22,1.7736,0.6135,False,0,
22,22,23,2.363,5.0885,False,0,
22,22,24,2.5175,1.1387,False,0,
22,22,25,5.6044,0.6264,False,0,
22,22,26,1.6503,3.761,False,0,
22,22,27,5.0731,0.3041,False,0,
22,22,28,0.8257,2.2195,False,0,
22,22,29,3.3553,0.8689,False,0,
22,22,30,1.4574,3.3241,False,0,
22,22,31,1.1966,3.1816,False,0,
22,22,32,5.2819,0.7868,False,0,
22,22,33,4.5112,1.0227,False,0,
22,22,34,1.02,2.9142,False,0,
22,22,35,4.5628,1.1904,False,0,
22,22,36,5.7207,0.4004,False,0,
22,22,37,5.9973,1.0496,False,0,
22,22,38,4.5342,0.4733,False,0,
22,22,39,2.1041,0.5887,False,0,
22,22,40,2.6158,5.4871,True,2,excessive_market_usage
22,22,41,2.4168,1.0128,False,0,
22,22,42,6.3579,0.5529,False,0,
22,22,43,2.4916,0.882,False,0,
22,22,44,6.0747,0.4486,False,0,
22,22,45,5.0543,0.7098,False,0,
22,22,46,2.051,0.7062,False,0,
22,22,47,1.476,4.123,False,0,
22,22,48,5.8347,0.0776,False,0,
22,22,49,2.4223,1.0294,False,0,
22,22,50,4.3754,1.0716,False,0,
22,22,51,3.8432,0.8689,False,0,
22,22,52,6.072,0.4057,False,0,
22,22,53,6.2483,0.0,False,0,
22,22,54,2.5458,5.2085,True,2,excessive_market_usage
22,22,55,2.4272,5.2335,True,2,excessive_market_usage
22,22,56,2.7469,0.9725,False,0,
22,22,57,2.7452,1.1272,False,0,
22,22,58,6.2544,1.0079,False,0,
22,22,59,1.5289,3.5464,False,0,
22,22,60,3.0199,6.0337,False,0,
22,22,61,5.5715,0.9769,False,0,
22,22,62,2.5395,5.2251,False,0,
22,22,63,1.7652,0.7647,False,0,
22,22,64,5.8998,0.4218,False,0,
22,22,65,2.7897,5.8839,False,0,
22,22,66,2.8002,1.1391,False,0,
22,22,67,2.1357,0.4898,False,0,
22,22,68,2.7851,1.0971,False,0,
22,22,69,6.3135,0.7991,False,0,
22,22,70,1.9747,4.3642,False,0,
22,22,71,2.9214,6.1501,False,0,
22,22,72,1.2898,3.2637,False,0,
22,22,73,0.8487,1.9339,False,0,
22,22,74,2.6246,5.5636,True,2,excessive_market_usage
22,22,75,3.9867,0.7173,False,0,
22,22,76,2.1528,0.9072,False,0,
22,22,77,1.9384,4.0386,False,0,
22,22,78,1.7209,0.7039,False,0,
22,22,79,1.7499,0.9304,False,0,
22,22,80,1.6984,0.7247,False,0,
22,22,81,5.8705,0.2668,False,0,
22,22,82,4.5299,0.516,False,0,
22,22,83,2.7871,0.9495,False,0,
22,22,84,1.7289,3.5798,False,0,
22,22,85,4.4502,0.4977,False,0,
22,22,86,3.2207,0.839,False,0,
22,22,87,3.6827,0.7905,False,0,
22,22,88,5.1951,0.5551,False,0,
22,22,89,2.4519,1.0881,False,0,
22,22,90,6.4101,0.0476,False,0,
22,22,91,1.6925,3.4941,False,0,
22,22,92,5.6503,0.9225,False,0,
22,22,93,6.2936,0.3533,False,0,
22,22,94,1.7255,0.8781,False,0,
22,22,95,4.557,1.4006,False,0,
22,22,96,3.9809,0.4592,False,0,
22,22,97,3.1274,1.1546,False,0,
22,22,98,5.9269,1.0028,False,0,
22,22,99,3.1197,0.932,False,0,
23,23,0,2.2285,0.7659,False,0,
23,23,1,6.5538,0.9869,False,0,
23,23,2,2.3892,1.0127,False,0,
23,23,3,6.0083,0.7115,False,0,
23,23,4,3.6457,1.5187,False,0,
23,23,5,2.7792,0.6786,False,0,
23,23,6,4.9383,1.5533,False,0,
23,23,7,2.3455,1.1837,False,0,
23,23,8,2.7203,1.0863,False,0,
23,23,9,1.9524,1.159,False,0,
23,23,10,7.1878,0.6931,False,0,
23,23,11,1.874,4.6678,False,0,
23,23,12,6.3291,0.492,False,0,
23,23,13,3.1803,1.1056,False,0,
23,23,14,3.617,0.8407,False,0,
23,23,15,5.8058,0.6757,False,0,
23,23,16,4.2066,1.4552,False,0,
23,23,17,5.5884,0.2457,False,0,
23,23,18,4.9216,0.915,False,0,
23,23,19,7.0287,0.6751,False,0,
23,23,20,6.7751,0.2391,False,0,
23,23,21,2.7355,0.8403,False,0,
23,23,22,1.9458,0.6807,False,0,
23,23,23,2.5938,5.6799,False,0,
23,23,24,2.7814,1.263,False,0,
23,23,25,6.197,0.7029,False,0,
23,23,26,1.7982,4.1705,False,0,
23,23,27,5.602,0.3428,False,0,
23,23,28,0.8978,2.4396,False,0,
23,23,29,3.704,0.969,False,0,
23,23,30,1.5881,3.6734,False,0,
23,23,31,1.3038,3.517,False,0,
23,23,32,5.832,0.8809,False,0,
23,23,33,4.9916,1.1408,False,0,
23,23,34,1.1098,3.208,False,0,
23,23,35,5.0454,1.3266,False,0,
23,23,36,6.3249,0.452,False,0,
23,23,37,6.6297,1.1728,False,0,
23,23,38,5.0203,0.534,False,0,
23,23,39,2.3185,0.6589,False,0,
23,23,40,2.6158,5.4871,False,0,
23,23,41,2.6652,1.1264,False,0,
23,23,42,7.0203,0.6152,False,0,
23,23,43,2.7481,0.9837,False,0,
23,23,44,6.7215,0.508,False,0,
23,23,45,5.5773,0.7981,False,0,
23,23,46,2.2523,0.7901,False,0,
23,23,47,1.6073,4.5443,False,0,
23,23,48,6.4482,0.0876,False,0,
23,23,49,2.671,1.1441,False,0,
23,23,50,4.8351,1.1996,False,0,
23,23,51,4.2483,0.9751,False,0,
23,23,52,6.7252,0.4586,False,0,
23,23,53,6.9024,0.0,False,0,
23,23,54,2.5458,5.2085,False,0,
23,23,55,2.4272,5.2335,False,0,
23,23,56,3.0374,1.0825,False,0,
23,23,57,3.027,1.2526,False,0,
23,23,58,6.9183,1.1285,False,0,
23,23,59,1.6643,3.9195,False,0,
23,23,60,3.3166,6.7037,False,0,
23,23,61,6.1527,1.0939,False,0,
23,23,62,2.7881,5.8293,False,0,
23,23,63,1.9348,0.8458,False,0,
23,23,64,6.5274,0.4716,False,0,
23,23,65,3.0674,6.5651,False,0,
23,23,66,3.0875,1.2682,False,0,
23,23,67,2.3502,0.5474,False,0,
23,23,68,3.0762,1.2186,False,0,
23,23,69,6.9752,0.8984,False,0,
23,23,70,2.156,4.8461,False,0,
23,23,71,3.206,6.8295,False,0,
23,23,72,1.4059,3.591,False,0,
23,23,73,0.9244,2.1281,False,0,
23,23,74,2.6246,5.5636,False,0,
23,23,75,4.4048,0.8016,False,0,
23,23,76,2.3679,1.0051,False,0,
23,23,77,2.1117,4.4784,False,0,
23,23,78,1.8902,0.7821,False,0,
23,23,79,1.9195,1.027,False,0,
23,23,80,1.866,0.8045,False,0,
23,23,81,6.4791,0.3005,False,0,
23,23,82,5.0009,0.5796,False,0,
23,23,83,3.0846,1.0554,False,0,
23,23,84,1.8855,3.9857,False,0,
23,23,85,4.9242,0.5602,False,0,
23,23,86,3.56,0.9367,False,0,
23,23,87,4.074,0.8896,False,0,
23,23,88,5.7428,0.624,False,0,
23,23,89,2.708,1.2052,False,0,
23,23,90,7.0911,0.0544,False,0,
23,23,91,1.8408,3.8752,False,0,
23,23,92,6.2508,1.0317,False,0,
23,23,93,6.9657,0.4005,False,0,
23,23,94,1.8931,0.9701,False,0,
23,23,95,5.0415,1.5592,False,0,
23,23,96,4.4016,0.5168,False,0,
23,23,97,3.4522,1.2837,False,0,
23,23,98,6.5535,1.1181,False,0,
23,23,99,3.4497,1.04,False,0,
